date,futures_price
2016-03-04,830.0
2016-05-16,1050.0
2016-05-18,1088.0
2016-12-12,9953.900390625
2016-12-13,10058.650390625
2016-12-14,10128.9501953125
2016-12-15,10195.75
2016-12-16,10222.9501953125
2016-12-19,10223.650390625
2016-12-20,10322.849609375
2016-12-21,10228.25
2016-12-22,10163.0
2016-12-23,10071.0498046875
2016-12-27,10170.7001953125
2016-12-28,10198.599609375
2016-12-29,10291.849609375
2016-12-30,10399.25
2017-01-03,10362.25
2017-01-04,10496.900390625
2017-01-05,10400.0498046875
2017-01-06,10110.4501953125
2017-01-09,10198.4501953125
2017-01-10,10221.5
2017-01-11,10220.5498046875
2017-01-12,10398.7998046875
2017-01-13,10263.5498046875
2017-01-16,10173.099609375
2017-01-17,10206.7998046875
2017-01-18,10231.599609375
2017-01-19,10222.150390625
2017-01-20,10132.650390625
2017-01-23,10219.400390625
2017-01-24,10201.599609375
2017-01-25,10164.4501953125
2017-01-27,10181.849609375
2017-01-30,10170.650390625
2017-01-31,9848.5
2017-02-01,9750.0
2017-02-02,9926.0
2017-02-03,10025.7998046875
2017-02-06,10029.0498046875
2017-02-07,9997.9501953125
2017-02-08,10007.0498046875
2017-02-09,10167.900390625
2017-02-10,10387.849609375
2017-02-13,10452.900390625
2017-02-14,10474.099609375
2017-02-15,10427.650390625
2017-02-16,10628.0498046875
2017-02-17,10527.2001953125
2017-02-20,10671.25
2017-02-21,10680.75
2017-02-22,10514.7998046875
2017-02-23,10689.650390625
2017-02-27,10706.7001953125
2017-02-28,10680.9501953125
2017-03-01,10748.0498046875
2017-03-02,10741.599609375
2017-03-03,10806.25
2017-03-06,10779.0498046875
2017-03-07,10799.099609375
2017-03-08,10739.4501953125
2017-03-09,10724.75
2017-03-10,10749.849609375
2017-03-14,10879.25
2017-03-15,10696.5498046875
2017-03-16,10822.099609375
2017-03-17,10900.75
2017-03-20,10776.75
2017-03-21,10787.2001953125
2017-03-22,10783.2998046875
2017-03-23,10850.7998046875
2017-03-24,10768.9501953125
2017-03-27,10648.5
2017-03-28,10681.0498046875
2017-03-29,10741.25
2017-03-30,10730.75
2017-03-31,10703.25
2017-04-03,10592.0
2017-04-05,10510.2998046875
2017-04-06,10538.150390625
2017-04-07,10485.75
2017-04-10,10338.150390625
2017-04-11,10398.849609375
2017-04-12,10323.4501953125
2017-04-13,10064.2001953125
2017-04-17,10000.900390625
2017-04-18,9981.5498046875
2017-04-19,9944.7998046875
2017-04-20,10039.0498046875
2017-04-21,10008.150390625
2017-04-24,10058.349609375
2017-04-25,10091.25
2017-04-26,9966.75
2017-04-27,10012.349609375
2017-04-28,9943.7001953125
2017-05-02,10006.349609375
2017-05-03,10131.0498046875
2017-05-04,10106.5
2017-05-05,10086.349609375
2017-05-08,10209.150390625
2017-05-09,10279.599609375
2017-05-10,10219.5498046875
2017-05-11,10256.099609375
2017-05-12,10367.2998046875
2017-05-15,10339.75
2017-05-16,10461.2998046875
2017-05-17,10437.2998046875
2017-05-18,10545.599609375
2017-05-19,10456.349609375
2017-05-22,10504.849609375
2017-05-23,10510.2001953125
2017-05-24,10509.2001953125
2017-05-25,10738.349609375
2017-05-26,10735.400390625
2017-05-29,10568.349609375
2017-05-30,10609.0
2017-05-31,10549.099609375
2017-06-01,10574.7001953125
2017-06-02,10608.9501953125
2017-06-05,10660.099609375
2017-06-06,10907.25
2017-06-07,10701.25
2017-06-08,10550.0
2017-06-09,10442.650390625
2017-06-12,10470.75
2017-06-13,10339.0
2017-06-14,10366.099609375
2017-06-15,10278.0498046875
2017-06-16,10189.5
2017-06-19,10197.900390625
2017-06-20,10289.9501953125
2017-06-21,10223.400390625
2017-06-22,10199.5498046875
2017-06-23,10170.599609375
2017-06-27,10068.849609375
2017-06-28,10133.5498046875
2017-06-29,10124.400390625
2017-06-30,10155.0498046875
2017-07-03,10189.849609375
2017-07-04,10213.400390625
2017-07-05,10160.650390625
2017-07-06,10148.900390625
2017-07-07,10087.7998046875
2017-07-10,10360.099609375
2017-07-11,10430.0
2017-07-12,10401.5
2017-07-13,10440.5498046875
2017-07-14,10330.650390625
2017-07-17,10445.849609375
2017-07-18,10493.2001953125
2017-07-19,10583.7998046875
2017-07-20,10491.150390625
2017-07-21,10711.5498046875
2017-07-24,10823.5498046875
2017-07-25,10810.349609375
2017-07-26,10782.9501953125
2017-07-27,10612.2998046875
2017-07-28,10699.4501953125
2017-07-31,10755.75
2017-08-01,10801.849609375
2017-08-02,10727.349609375
2017-08-03,10682.5
2017-08-04,10757.9501953125
2017-08-07,10678.7998046875
2017-08-08,10623.7001953125
2017-08-09,10613.5498046875
2017-08-10,10662.349609375
2017-08-11,10647.0498046875
2017-08-14,10587.2998046875
2017-08-16,10659.7001953125
2017-08-17,10797.7998046875
2017-08-18,10570.0
2017-08-21,10440.0498046875
2017-08-22,10446.25
2017-08-23,10478.25
2017-08-24,10503.900390625
2017-08-28,10592.2998046875
2017-08-29,10506.0
2017-08-30,10493.25
2017-08-31,10558.25
2017-09-01,10514.400390625
2017-09-05,10498.0
2017-09-06,10421.650390625
2017-09-07,10460.9501953125
2017-09-08,10456.650390625
2017-09-11,10459.5
2017-09-12,10501.099609375
2017-09-13,10505.2998046875
2017-09-14,10496.0498046875
2017-09-15,10599.75
2017-09-18,10649.5
2017-09-19,10654.849609375
2017-09-20,10651.349609375
2017-09-21,10653.849609375
2017-09-22,10632.099609375
2017-09-25,10569.150390625
2017-09-26,10548.5
2017-09-27,10544.2001953125
2017-09-28,10521.900390625
2017-09-29,10475.349609375
2017-10-03,10546.099609375
2017-10-04,10539.849609375
2017-10-05,10524.650390625
2017-10-06,10655.349609375
2017-10-09,10680.2001953125
2017-10-10,10726.2001953125
2017-10-11,10785.25
2017-10-12,10881.2998046875
2017-10-13,10924.2001953125
2017-10-16,10961.599609375
2017-10-17,10942.7001953125
2017-10-18,10910.150390625
2017-10-19,10890.7998046875
2017-10-23,10997.849609375
2017-10-24,10884.7998046875
2017-10-25,10925.4501953125
2017-10-26,10883.0498046875
2017-10-27,10862.0498046875
2017-10-30,10854.2998046875
2017-10-31,10837.900390625
2017-11-01,10817.2998046875
2017-11-02,10845.849609375
2017-11-03,10839.0498046875
2017-11-06,10929.900390625
2017-11-07,11172.099609375
2017-11-08,11245.900390625
2017-11-09,11248.4501953125
2017-11-10,11222.5498046875
2017-11-13,11236.2001953125
2017-11-14,11168.75
2017-11-15,11122.900390625
2017-11-16,11317.25
2017-11-17,11150.0
2017-11-20,11100.099609375
2017-11-21,11119.4501953125
2017-11-22,11117.5
2017-11-24,11306.400390625
2017-11-27,11314.25
2017-11-28,11270.599609375
2017-11-29,11232.9501953125
2017-11-30,11115.349609375
2017-12-01,10948.5
2017-12-04,11081.650390625
2017-12-05,11025.400390625
2017-12-06,11074.900390625
2017-12-07,11163.5
2017-12-08,11173.400390625
2017-12-11,11324.0
2017-12-12,11272.4501953125
2017-12-13,11251.7001953125
2017-12-14,11275.400390625
2017-12-15,11288.2998046875
2017-12-18,11315.2001953125
2017-12-19,11240.650390625
2017-12-20,11304.2001953125
2017-12-21,11374.2998046875
2017-12-22,11501.900390625
2017-12-26,11507.400390625
2017-12-27,11509.25
2017-12-28,11496.400390625
2017-12-29,11665.75
2018-01-02,11602.349609375
2018-01-03,11586.7001953125
2018-01-04,11590.7998046875
2018-01-05,11633.5498046875
2018-01-08,11776.849609375
2018-01-09,11790.849609375
2018-01-10,12054.7001953125
2018-01-11,12103.099609375
2018-01-12,12099.2001953125
2018-01-15,11992.7998046875
2018-01-16,12430.9501953125
2018-01-17,12531.400390625
2018-01-18,12570.7001953125
2018-01-19,12633.849609375
2018-01-22,12894.9501953125
2018-01-23,13048.900390625
2018-01-24,13249.5498046875
2018-01-25,13117.849609375
2018-01-29,13242.5
2018-01-30,13107.9501953125
2018-01-31,12986.400390625
2018-02-01,12964.599609375
2018-02-02,12983.599609375
2018-02-05,12936.900390625
2018-02-06,12562.349609375
2018-02-07,12450.0498046875
2018-02-08,12588.349609375
2018-02-09,12492.7001953125
2018-02-12,12422.650390625
2018-02-14,12420.0
2018-02-15,12456.5
2018-02-16,12437.9501953125
2018-02-19,12331.400390625
2018-02-20,12372.0
2018-02-21,12660.0498046875
2018-02-22,12730.25
2018-02-23,12871.150390625
2018-02-26,12713.150390625
2018-02-27,12746.7998046875
2018-02-28,12809.0
2018-03-01,12769.4501953125
2018-03-05,12857.650390625
2018-03-06,12706.099609375
2018-03-07,12677.150390625
2018-03-08,12682.400390625
2018-03-09,12747.25
2018-03-12,12923.400390625
2018-03-13,12734.2001953125
2018-03-14,12786.9501953125
2018-03-15,12762.2998046875
2018-03-16,12698.400390625
2018-03-19,12421.2998046875
2018-03-20,12609.099609375
2018-03-21,12608.849609375
2018-03-22,12489.599609375
2018-03-23,12541.099609375
2018-03-26,12462.400390625
2018-03-27,12518.2001953125
2018-03-28,12511.5498046875
2018-04-02,12707.099609375
2018-04-03,12615.4501953125
2018-04-04,12490.849609375
2018-04-05,12682.5498046875
2018-04-06,12603.349609375
2018-04-09,12531.2001953125
2018-04-10,12576.5498046875
2018-04-11,12759.099609375
2018-04-12,13168.2001953125
2018-04-13,13260.4501953125
2018-04-16,13203.099609375
2018-04-17,13162.2998046875
2018-04-18,13124.0
2018-04-19,13273.4501953125
2018-04-20,13910.349609375
2018-04-23,14013.9501953125
2018-04-24,13734.7998046875
2018-04-25,13892.400390625
2018-04-26,14026.650390625
2018-04-27,13794.900390625
2018-04-30,13986.25
2018-05-02,13754.2998046875
2018-05-03,13473.9501953125
2018-05-04,13453.2998046875
2018-05-07,13424.900390625
2018-05-08,13379.650390625
2018-05-09,13453.400390625
2018-05-10,13427.2998046875
2018-05-11,13478.599609375
2018-05-14,13446.150390625
2018-05-15,13504.9501953125
2018-05-16,13525.599609375
2018-05-17,13504.75
2018-05-18,13459.150390625
2018-05-21,13483.849609375
2018-05-22,13484.5498046875
2018-05-23,13464.349609375
2018-05-24,13775.7001953125
2018-05-25,13762.349609375
2018-05-28,13497.7001953125
2018-05-29,13561.0498046875
2018-05-30,13557.7001953125
2018-05-31,13666.0
2018-06-01,13558.5498046875
2018-06-04,13595.099609375
2018-06-05,13408.900390625
2018-06-06,13528.7998046875
2018-06-07,13683.75
2018-06-08,13769.7998046875
2018-06-11,13775.099609375
2018-06-12,13859.849609375
2018-06-13,14034.150390625
2018-06-14,13825.400390625
2018-06-15,14121.5
2018-06-18,14024.2001953125
2018-06-19,13849.4501953125
2018-06-20,13810.900390625
2018-06-21,13771.7001953125
2018-06-22,13777.099609375
2018-06-25,13865.2001953125
2018-06-26,13943.5
2018-06-27,14018.400390625
2018-06-28,13873.7998046875
2018-06-29,13989.5
2018-07-02,14072.2998046875
2018-07-03,14222.5498046875
2018-07-04,14126.150390625
2018-07-05,13970.5
2018-07-06,14015.9501953125
2018-07-09,14108.849609375
2018-07-10,14222.75
2018-07-11,14536.4501953125
2018-07-12,14515.650390625
2018-07-13,14534.900390625
2018-07-16,14617.0498046875
2018-07-17,14618.25
2018-07-18,14631.7001953125
2018-07-19,14489.849609375
2018-07-20,14701.400390625
2018-07-23,14683.2001953125
2018-07-24,14663.900390625
2018-07-25,14575.349609375
2018-07-26,14468.099609375
2018-07-27,14517.900390625
2018-07-30,14420.5498046875
2018-07-31,14587.7998046875
2018-08-01,14679.349609375
2018-08-02,14552.599609375
2018-08-03,14649.099609375
2018-08-06,14605.5498046875
2018-08-07,14613.75
2018-08-08,14608.2001953125
2018-08-09,14603.349609375
2018-08-10,14679.2998046875
2018-08-13,14880.25
2018-08-14,15009.25
2018-08-16,15044.349609375
2018-08-17,15126.400390625
2018-08-20,14996.099609375
2018-08-21,15134.650390625
2018-08-23,15321.9501953125
2018-08-24,15260.0498046875
2018-08-27,15514.9501953125
2018-08-28,15583.0498046875
2018-08-29,15524.9501953125
2018-08-30,15529.849609375
2018-08-31,15811.400390625
2018-09-03,15724.7001953125
2018-09-04,16048.7001953125
2018-09-05,16039.900390625
2018-09-06,16081.650390625
2018-09-07,16104.7998046875
2018-09-10,16105.2998046875
2018-09-11,15993.2001953125
2018-09-12,16054.0498046875
2018-09-14,16072.5
2018-09-17,16119.7998046875
2018-09-18,16031.0
2018-09-19,16063.9501953125
2018-09-21,15833.5
2018-09-24,16175.2998046875
2018-09-25,16234.900390625
2018-09-26,15932.4501953125
2018-09-27,16018.0
2018-09-28,15838.0498046875
2018-10-01,16213.599609375
2018-10-03,15909.7998046875
2018-10-04,15441.099609375
2018-10-05,15591.650390625
2018-10-08,15305.2001953125
2018-10-09,15369.7998046875
2018-10-10,15143.2001953125
2018-10-11,14683.0
2018-10-12,14539.2001953125
2018-10-15,14797.2001953125
2018-10-16,14887.349609375
2018-10-17,14949.599609375
2018-10-19,14476.849609375
2018-10-22,14421.4501953125
2018-10-23,14014.7001953125
2018-10-24,14049.150390625
2018-10-25,14070.7998046875
2018-10-26,13798.599609375
2018-10-29,14132.650390625
2018-10-30,14355.849609375
2018-10-31,14940.099609375
2018-11-01,14622.0
2018-11-02,14396.7001953125
2018-11-05,14471.75
2018-11-06,14577.2998046875
2018-11-07,14674.4501953125
2018-11-09,14553.25
2018-11-12,14650.5
2018-11-13,14698.2001953125
2018-11-14,14338.5
2018-11-15,14354.150390625
2018-11-16,14473.150390625
2018-11-19,14599.7998046875
2018-11-20,14285.099609375
2018-11-21,13879.150390625
2018-11-22,13835.7001953125
2018-11-26,14025.400390625
2018-11-27,14225.349609375
2018-11-28,14632.900390625
2018-11-29,14465.2998046875
2018-11-30,14638.0498046875
2018-12-03,14740.400390625
2018-12-04,14999.900390625
2018-12-05,15012.9501953125
2018-12-06,14693.75
2018-12-07,14662.900390625
2018-12-10,14419.2001953125
2018-12-11,14579.599609375
2018-12-12,14738.5498046875
2018-12-13,14841.0
2018-12-14,14851.400390625
2018-12-17,14873.0498046875
2018-12-18,14730.900390625
2018-12-19,14591.7998046875
2018-12-20,14542.150390625
2018-12-21,14207.849609375
2018-12-24,14247.75
2018-12-26,14158.900390625
2018-12-27,14354.5
2018-12-28,14385.7998046875
2018-12-31,14440.2998046875
2019-01-02,14447.099609375
2019-01-03,14322.150390625
2019-01-04,14146.150390625
2019-01-07,14291.5
2019-01-08,14285.7001953125
2019-01-09,14326.099609375
2019-01-10,14323.25
2019-01-11,14307.099609375
2019-01-14,14223.599609375
2019-01-15,14658.5
2019-01-16,14707.7998046875
2019-01-17,14800.25
2019-01-18,14893.0
2019-01-21,14966.400390625
2019-01-22,14962.599609375
2019-01-23,14888.75
2019-01-24,14971.900390625
2019-01-25,15039.2998046875
2019-01-28,15120.150390625
2019-01-29,15231.2998046875
2019-01-30,15255.2001953125
2019-01-31,15499.2998046875
2019-02-01,15724.2998046875
2019-02-04,15754.7998046875
2019-02-05,15738.7001953125
2019-02-06,16055.599609375
2019-02-07,16085.849609375
2019-02-08,16019.7998046875
2019-02-11,16099.0498046875
2019-02-12,15938.650390625
2019-02-14,15861.650390625
2019-02-15,15815.599609375
2019-02-18,15659.0
2019-02-19,15333.5
2019-02-20,15609.4501953125
2019-02-21,15588.900390625
2019-02-22,15684.7001953125
2019-02-25,16003.7001953125
2019-02-26,15989.599609375
2019-02-27,15902.099609375
2019-02-28,15732.0
2019-03-01,15848.2998046875
2019-03-05,15664.099609375
2019-03-06,15735.0498046875
2019-03-07,15582.099609375
2019-03-08,15408.7001953125
2019-03-11,15388.5
2019-03-12,15384.5498046875
2019-03-13,15342.900390625
2019-03-14,15260.4501953125
2019-03-15,15546.599609375
2019-03-18,15359.4501953125
2019-03-19,15495.5498046875
2019-03-20,15599.25
2019-03-22,15551.099609375
2019-03-25,15416.849609375
2019-03-26,15356.599609375
2019-03-27,15339.400390625
2019-03-28,15566.75
2019-04-01,15840.650390625
2019-04-02,15988.400390625
2019-04-03,15962.9501953125
2019-04-04,15744.7998046875
2019-04-05,15923.0498046875
2019-04-08,16028.25
2019-04-09,16121.599609375
2019-04-10,15999.150390625
2019-04-11,15874.75
2019-04-12,15911.099609375
2019-04-15,16113.7001953125
2019-04-16,16084.900390625
2019-04-18,16079.2998046875
2019-04-22,16150.599609375
2019-04-23,16166.2998046875
2019-04-24,16370.349609375
2019-04-25,16352.7998046875
2019-04-26,16504.44921875
2019-04-30,16705.400390625
2019-05-02,16403.69921875
2019-05-03,16092.9501953125
2019-05-06,16111.349609375
2019-05-07,16135.75
2019-05-08,16061.599609375
2019-05-09,16132.849609375
2019-05-10,15949.599609375
2019-05-13,15955.2998046875
2019-05-14,15762.75
2019-05-15,15776.7998046875
2019-05-16,15934.0
2019-05-17,15843.400390625
2019-05-20,15968.2001953125
2019-05-21,15766.9501953125
2019-05-22,15666.150390625
2019-05-23,15538.849609375
2019-05-24,15569.849609375
2019-05-27,15556.650390625
2019-05-28,15762.0498046875
2019-05-29,15865.599609375
2019-05-30,15997.349609375
2019-05-31,16160.650390625
2019-06-03,16360.5498046875
2019-06-04,16105.2001953125
2019-06-06,16012.099609375
2019-06-07,16109.849609375
2019-06-10,16362.400390625
2019-06-11,16448.099609375
2019-06-12,16425.94921875
2019-06-13,16316.599609375
2019-06-14,16268.2001953125
2019-06-17,16228.2001953125
2019-06-18,16322.5
2019-06-19,16282.7001953125
2019-06-20,16316.9501953125
2019-06-21,16189.400390625
2019-06-24,16187.400390625
2019-06-25,16214.4501953125
2019-06-26,16101.75
2019-06-27,15991.7998046875
2019-06-28,15936.4501953125
2019-07-01,15916.7001953125
2019-07-02,16074.099609375
2019-07-03,15927.650390625
2019-07-05,15550.0498046875
2019-07-08,15376.0
2019-07-09,15254.5
2019-07-10,15168.599609375
2019-07-11,15214.2998046875
2019-07-12,15227.400390625
2019-07-15,15662.0498046875
2019-07-16,15580.4501953125
2019-07-17,15676.0
2019-07-18,15498.5
2019-07-19,15383.650390625
2019-07-22,15448.25
2019-07-23,15493.400390625
2019-07-24,15380.75
2019-07-25,15474.650390625
2019-07-26,15348.0498046875
2019-07-29,15400.849609375
2019-07-30,15501.650390625
2019-07-31,15620.2001953125
2019-08-01,15332.099609375
2019-08-02,15422.099609375
2019-08-05,15518.5498046875
2019-08-06,15514.7998046875
2019-08-07,15583.349609375
2019-08-08,15867.9501953125
2019-08-09,15821.349609375
2019-08-13,15424.400390625
2019-08-14,15466.25
2019-08-16,15365.349609375
2019-08-19,15415.150390625
2019-08-20,15597.75
2019-08-21,15578.150390625
2019-08-22,15632.0
2019-08-23,15816.599609375
2019-08-26,15890.2001953125
2019-08-27,15675.2998046875
2019-08-28,15879.900390625
2019-08-29,15884.5498046875
2019-08-30,16010.400390625
2019-09-03,15984.900390625
2019-09-04,16032.5
2019-09-05,16030.9501953125
2019-09-06,16034.5498046875
2019-09-09,15919.400390625
2019-09-11,15701.7998046875
2019-09-12,15583.25
2019-09-13,15722.900390625
2019-09-16,15743.150390625
2019-09-17,15625.650390625
2019-09-18,15702.2998046875
2019-09-19,15522.4501953125
2019-09-20,15491.099609375
2019-09-23,15040.650390625
2019-09-24,15338.650390625
2019-09-25,15379.900390625
2019-09-26,15312.900390625
2019-09-27,15236.400390625
2019-09-30,15540.150390625
2019-10-01,15300.25
2019-10-03,15277.9501953125
2019-10-04,15340.2998046875
2019-10-07,15246.75
2019-10-09,15128.75
2019-10-10,15093.7998046875
2019-10-11,15321.900390625
2019-10-14,15277.75
2019-10-15,15208.400390625
2019-10-16,15344.9501953125
2019-10-17,15281.900390625
2019-10-18,15410.099609375
2019-10-22,14688.650390625
2019-10-23,14833.349609375
2019-10-24,14781.5
2019-10-25,14898.849609375
2019-10-29,15181.400390625
2019-10-30,15395.650390625
2019-10-31,15559.400390625
2019-11-01,15471.2001953125
2019-11-04,15591.2998046875
2019-11-05,15533.4501953125
2019-11-06,15561.2998046875
2019-11-07,15624.400390625
2019-11-08,15383.2998046875
2019-11-11,15308.5498046875
2019-11-13,15240.9501953125
2019-11-14,15388.75
2019-11-15,15310.650390625
2019-11-18,15295.25
2019-11-19,15304.849609375
2019-11-20,15318.5
2019-11-21,15293.9501953125
2019-11-22,14995.900390625
2019-11-25,15100.599609375
2019-11-26,14922.150390625
2019-11-27,15022.150390625
2019-11-28,15121.7998046875
2019-11-29,14998.0498046875
2019-12-02,14852.0
2019-12-03,14920.75
2019-12-04,15175.150390625
2019-12-05,15367.5
2019-12-06,15289.599609375
2019-12-09,15157.150390625
2019-12-10,14946.5498046875
2019-12-11,15130.2998046875
2019-12-12,14972.650390625
2019-12-13,15200.5498046875
2019-12-16,15348.75
2019-12-17,15637.150390625
2019-12-18,15710.650390625
2019-12-19,15812.9501953125
2019-12-20,15844.5498046875
2019-12-23,15865.5
2019-12-24,15778.2001953125
2019-12-26,15706.4501953125
2019-12-27,15780.7001953125
2019-12-30,15775.0
2019-12-31,15652.400390625
2020-01-02,15709.650390625
2020-01-03,15936.599609375
2020-01-06,15879.7998046875
2020-01-07,15895.2001953125
2020-01-08,15953.4501953125
2020-01-09,15925.150390625
2020-01-10,15959.900390625
2020-01-13,16225.900390625
2020-01-14,16362.349609375
2020-01-15,16346.849609375
2020-01-16,16381.650390625
2020-01-17,16356.599609375
2020-01-20,16207.150390625
2020-01-21,16175.2001953125
2020-01-22,16334.5498046875
2020-01-23,16474.400390625
2020-01-24,16472.75
2020-01-27,16393.55078125
2020-01-28,16429.75
2020-01-29,16479.30078125
2020-01-30,16327.900390625
2020-01-31,16144.150390625
2020-02-03,16059.900390625
2020-02-04,16350.849609375
2020-02-05,16448.55078125
2020-02-06,16371.150390625
2020-02-07,16470.150390625
2020-02-10,16431.94921875
2020-02-11,16452.30078125
2020-02-12,16538.099609375
2020-02-13,16673.05078125
2020-02-14,16642.75
2020-02-17,16647.69921875
2020-02-18,16748.75
2020-02-19,16772.5
2020-02-20,16649.400390625
2020-02-24,16461.80078125
2020-02-25,16562.5
2020-02-26,16332.25
2020-02-27,16123.7998046875
2020-02-28,15212.9501953125
2020-03-02,15427.650390625
2020-03-03,15723.2001953125
2020-03-04,15864.2998046875
2020-03-05,15871.349609375
2020-03-06,15663.5
2020-03-09,14854.900390625
2020-03-11,14681.400390625
2020-03-12,13384.849609375
2020-03-13,13539.099609375
2020-03-16,12451.349609375
2020-03-17,12099.25
2020-03-18,11753.0
2020-03-19,11340.0
2020-03-20,12363.4501953125
2020-03-23,11179.599609375
2020-03-24,11865.0498046875
2020-03-25,12233.349609375
2020-03-26,12535.599609375
2020-03-27,12569.099609375
2020-03-30,12318.7998046875
2020-03-31,12763.650390625
2020-04-01,12045.849609375
2020-04-03,11680.0498046875
2020-04-07,12588.9501953125
2020-04-08,12491.5498046875
2020-04-09,12728.5498046875
2020-04-13,12603.099609375
2020-04-15,12702.599609375
2020-04-16,12463.599609375
2020-04-17,12649.25
2020-04-20,12847.650390625
2020-04-21,12408.849609375
2020-04-22,12571.2998046875
2020-04-23,13128.2001953125
2020-04-24,12816.2001953125
2020-04-27,13121.150390625
2020-04-28,13133.650390625
2020-04-29,13424.9501953125
2020-04-30,14108.400390625
2020-05-04,13454.25
2020-05-05,13388.0498046875
2020-05-06,13394.7001953125
2020-05-07,13292.7001953125
2020-05-08,13403.599609375
2020-05-11,13593.5498046875
2020-05-12,13687.75
2020-05-13,13776.9501953125
2020-05-14,13293.75
2020-05-15,13196.349609375
2020-05-18,13314.400390625
2020-05-19,13446.599609375
2020-05-20,13517.400390625
2020-05-21,13647.900390625
2020-05-22,13842.650390625
2020-05-26,13574.9501953125
2020-05-27,13952.900390625
2020-05-28,14028.599609375
2020-05-29,14010.5
2020-06-01,14307.099609375
2020-06-02,14422.400390625
2020-06-03,14361.7001953125
2020-06-04,14627.4501953125
2020-06-05,14627.4501953125
2020-06-08,14894.599609375
2020-06-09,14737.849609375
2020-06-10,14842.0498046875
2020-06-11,14619.4501953125
2020-06-12,14402.75
2020-06-15,14396.7001953125
2020-06-16,14450.7998046875
2020-06-17,14478.4501953125
2020-06-18,14551.25
2020-06-19,14499.7998046875
2020-06-22,14463.7001953125
2020-06-23,14680.400390625
2020-06-24,14581.4501953125
2020-06-25,14411.2001953125
2020-06-26,14994.650390625
2020-06-29,14768.0
2020-06-30,14754.2998046875
2020-07-01,14732.150390625
2020-07-02,15122.5498046875
2020-07-03,15285.900390625
2020-07-06,15464.9501953125
2020-07-07,15784.9501953125
2020-07-08,15513.650390625
2020-07-09,15535.9501953125
2020-07-10,15565.2001953125
2020-07-13,15819.2001953125
2020-07-14,15640.5498046875
2020-07-15,16459.849609375
2020-07-16,16926.05078125
2020-07-17,16821.349609375
2020-07-20,17258.30078125
2020-07-21,17273.19921875
2020-07-22,17076.05078125
2020-07-23,17045.19921875
2020-07-24,17286.0
2020-07-27,17626.75
2020-07-28,18042.75
2020-07-29,17880.5
2020-07-30,18003.55078125
2020-07-31,18071.849609375
2020-08-03,17965.80078125
2020-08-04,17808.0
2020-08-05,17869.80078125
2020-08-06,18188.75
2020-08-07,18004.150390625
2020-08-10,18159.55078125
2020-08-11,18057.099609375
2020-08-12,18066.0
2020-08-13,18107.19921875
2020-08-14,18022.650390625
2020-08-17,18223.599609375
2020-08-18,18270.349609375
2020-08-19,18210.849609375
2020-08-20,18126.099609375
2020-08-21,18065.30078125
2020-08-24,18010.94921875
2020-08-25,17973.69921875
2020-08-26,18128.0
2020-08-27,18102.650390625
2020-08-28,18122.0
2020-08-31,17928.849609375
2020-09-01,17814.05078125
2020-09-02,18077.0
2020-09-03,18348.55078125
2020-09-04,18073.94921875
2020-09-07,18176.80078125
2020-09-08,18395.75
2020-09-09,18261.5
2020-09-10,18395.849609375
2020-09-11,18633.25
2020-09-14,19505.099609375
2020-09-15,19627.30078125
2020-09-16,19770.349609375
2020-09-17,19817.69921875
2020-09-18,19827.099609375
2020-09-21,19729.0
2020-09-22,19866.099609375
2020-09-23,19805.650390625
2020-09-24,18973.05078125
2020-09-25,19629.349609375
2020-09-28,19783.05078125
2020-09-29,19831.80078125
2020-09-30,19951.349609375
2020-10-01,20110.400390625
2020-10-05,20809.0
2020-10-06,20896.75
2020-10-07,21017.400390625
2020-10-08,21697.25
2020-10-09,21837.650390625
2020-10-12,22202.099609375
2020-10-13,22492.599609375
2020-10-14,22204.05078125
2020-10-15,21567.30078125
2020-10-16,21538.150390625
2020-10-19,21391.900390625
2020-10-20,21694.349609375
2020-10-21,21577.650390625
2020-10-22,21413.5
2020-10-23,21523.599609375
2020-10-26,21265.69921875
2020-10-27,21023.400390625
2020-10-28,20810.30078125
2020-10-29,20876.94921875
2020-10-30,20916.849609375
2020-11-02,20732.30078125
2020-11-03,20736.0
2020-11-04,21104.55078125
2020-11-05,21385.650390625
2020-11-06,21492.30078125
2020-11-09,21820.150390625
2020-11-10,20978.5
2020-11-11,21330.5
2020-11-12,21363.349609375
2020-11-13,21436.849609375
2020-11-17,21488.55078125
2020-11-18,21314.849609375
2020-11-19,21114.44921875
2020-11-20,21409.25
2020-11-23,22007.05078125
2020-11-24,22064.30078125
2020-11-25,21705.900390625
2020-11-26,21859.900390625
2020-11-27,21764.900390625
2020-12-01,22170.900390625
2020-12-02,22319.0
2020-12-03,22202.19921875
2020-12-04,22309.80078125
2020-12-07,22440.900390625
2020-12-08,22617.400390625
2020-12-09,22803.44921875
2020-12-10,22755.75
2020-12-11,22664.0
2020-12-14,22746.69921875
2020-12-15,22715.099609375
2020-12-16,22906.25
2020-12-17,22892.25
2020-12-18,23256.599609375
2020-12-21,22844.599609375
2020-12-22,23611.599609375
2020-12-23,24167.75
2020-12-24,24009.25
2020-12-28,24100.30078125
2020-12-29,24274.05078125
2020-12-30,24330.05078125
2020-12-31,24251.349609375
2021-01-04,25110.05078125
2021-01-05,25769.150390625
2021-01-06,25419.150390625
2021-01-07,25251.19921875
2021-01-08,26162.400390625
2021-01-11,27027.75
2021-01-12,26982.099609375
2021-01-13,27004.30078125
2021-01-14,26965.55078125
2021-01-15,26362.80078125
2021-01-18,25916.25
2021-01-19,26043.5
2021-01-20,26619.69921875
2021-01-21,26450.150390625
2021-01-22,26489.75
2021-01-25,26023.30078125
2021-01-27,25865.30078125
2021-01-28,25301.25
2021-01-29,24645.75
2021-02-01,24922.69921875
2021-02-02,25447.80078125
2021-02-03,25680.900390625
2021-02-04,25570.05078125
2021-02-05,25331.599609375
2021-02-08,25915.599609375
2021-02-09,25779.150390625
2021-02-10,25885.30078125
2021-02-11,26043.44921875
2021-02-12,26093.80078125
2021-02-15,26001.099609375
2021-02-16,25613.94921875
2021-02-17,25282.94921875
2021-02-18,25618.55078125
2021-02-19,25503.19921875
2021-02-22,24766.44921875
2021-02-23,24807.80078125
2021-02-24,24779.400390625
2021-02-25,24872.44921875
2021-02-26,24301.44921875
2021-03-01,24556.30078125
2021-03-02,25301.849609375
2021-03-03,25772.650390625
2021-03-04,25631.849609375
2021-03-05,25229.599609375
2021-03-08,25347.94921875
2021-03-09,25582.349609375
2021-03-10,26010.099609375
2021-03-12,25888.25
2021-03-15,26032.05078125
2021-03-16,26363.849609375
2021-03-17,26183.5
2021-03-18,25373.349609375
2021-03-19,25562.75
2021-03-22,26035.349609375
2021-03-23,26105.69921875
2021-03-24,25802.94921875
2021-03-25,25237.099609375
2021-03-26,25385.099609375
2021-03-30,26121.099609375
2021-03-31,25855.0
2021-04-01,25980.400390625
2021-04-05,26491.400390625
2021-04-06,26532.19921875
2021-04-07,26831.0
2021-04-08,27148.400390625
2021-04-09,27367.05078125
2021-04-12,26727.80078125
2021-04-13,25851.30078125
2021-04-15,26010.849609375
2021-04-16,26324.900390625
2021-04-19,26236.900390625
2021-04-20,25877.599609375
2021-04-22,25826.69921875
2021-04-23,25609.099609375
2021-04-26,25680.30078125
2021-04-27,25815.75
2021-04-28,25962.099609375
2021-04-29,25874.30078125
2021-04-30,25664.44921875
2021-05-03,25676.05078125
2021-05-04,25489.0
2021-05-05,25786.94921875
2021-05-06,26258.69921875
2021-05-07,26269.44921875
2021-05-10,26273.44921875
2021-05-11,26106.69921875
2021-05-12,25855.44921875
2021-05-14,25588.19921875
2021-05-17,25703.55078125
2021-05-18,25958.25
2021-05-19,25982.80078125
2021-05-20,25894.5
2021-05-21,26105.30078125
2021-05-24,26144.19921875
2021-05-25,26393.900390625
2021-05-26,26857.349609375
2021-05-27,27164.80078125
2021-05-28,27122.80078125
2021-05-31,27115.05078125
2021-06-01,27144.400390625
2021-06-02,26939.650390625
2021-06-03,26987.900390625
2021-06-04,26996.75
2021-06-07,27295.650390625
2021-06-08,27623.80078125
2021-06-09,27539.0
2021-06-10,27798.0
2021-06-11,28217.5
2021-06-14,28314.099609375
2021-06-15,28377.849609375
2021-06-16,28448.849609375
2021-06-17,28611.349609375
2021-06-18,28445.599609375
2021-06-21,28367.0
2021-06-22,28523.55078125
2021-06-23,28258.5
2021-06-24,29048.0
2021-06-25,29210.55078125
2021-06-28,29068.55078125
2021-06-29,28986.25
2021-06-30,29168.0
2021-07-01,29003.099609375
2021-07-02,29007.94921875
2021-07-05,28950.599609375
2021-07-06,28649.400390625
2021-07-07,28734.650390625
2021-07-08,28749.0
2021-07-09,28662.19921875
2021-07-12,28532.349609375
2021-07-13,28439.75
2021-07-14,29339.849609375
2021-07-15,29718.05078125
2021-07-16,29400.25
2021-07-19,29264.0
2021-07-20,29252.5
2021-07-22,29779.94921875
2021-07-23,29894.30078125
2021-07-26,29940.400390625
2021-07-27,29892.55078125
2021-07-28,29954.150390625
2021-07-29,30371.400390625
2021-07-30,30480.05078125
2021-08-02,30803.05078125
2021-08-03,31165.849609375
2021-08-04,30977.150390625
2021-08-05,31211.19921875
2021-08-06,31303.30078125
2021-08-09,31441.0
2021-08-10,31713.400390625
2021-08-11,31670.0
2021-08-12,32245.099609375
2021-08-13,32678.80078125
2021-08-16,32577.94921875
2021-08-17,33414.75
2021-08-18,33448.8984375
2021-08-20,33351.3515625
2021-08-23,33919.80078125
2021-08-24,33838.3984375
2021-08-25,34083.94921875
2021-08-26,34041.1015625
2021-08-27,34309.80078125
2021-08-30,34109.25
2021-08-31,34570.25
2021-09-01,34110.5
2021-09-02,34680.30078125
2021-09-03,34891.19921875
2021-09-06,35415.1015625
2021-09-07,34951.30078125
2021-09-08,34678.19921875
2021-09-09,34802.30078125
2021-09-13,35129.6015625
2021-09-14,35431.5
2021-09-15,36075.19921875
2021-09-16,35852.44921875
2021-09-17,35646.5
2021-09-20,35400.05078125
2021-09-21,36086.05078125
2021-09-22,36422.44921875
2021-09-23,36816.8984375
2021-09-24,37103.25
2021-09-27,36034.3984375
2021-09-28,35239.94921875
2021-09-29,35282.6484375
2021-09-30,35028.0
2021-10-01,34780.6015625
2021-10-04,35126.1484375
2021-10-05,35544.30078125
2021-10-06,35075.80078125
2021-10-07,35703.8515625
2021-10-08,36402.0
2021-10-11,35179.94921875
2021-10-12,34869.75
2021-10-13,35285.6015625
2021-10-14,35744.8515625
2021-10-18,36306.3515625
2021-10-19,37106.3515625
2021-10-20,36846.80078125
2021-10-21,35913.6015625
2021-10-22,35394.6484375
2021-10-25,35005.3984375
2021-10-26,35162.3515625
2021-10-27,35503.8984375
2021-10-28,34913.6015625
2021-10-29,34408.75
2021-11-01,35290.0
2021-11-02,35177.3515625
2021-11-03,35177.1015625
2021-11-04,35334.25
2021-11-08,35782.3515625
2021-11-09,35815.1015625
2021-11-10,35722.94921875
2021-11-11,35583.6484375
2021-11-12,36332.30078125
2021-11-15,36465.30078125
2021-11-16,36643.8984375
2021-11-17,36660.8984375
2021-11-18,36007.0
2021-11-22,35478.94921875
2021-11-23,35504.3984375
2021-11-24,34966.25
2021-11-25,35300.25
2021-11-26,34606.1484375
2021-11-29,34870.75
2021-11-30,35043.75
2021-12-01,35429.0
2021-12-02,36157.8515625
2021-12-03,35848.05078125
2021-12-06,34879.3984375
2021-12-07,35272.30078125
2021-12-08,35959.05078125
2021-12-09,35946.3515625
2021-12-10,35939.6015625
2021-12-13,36050.55078125
2021-12-14,36102.55078125
2021-12-15,35737.19921875
2021-12-16,36160.30078125
2021-12-17,36647.8984375
2021-12-20,35916.44921875
2021-12-21,36627.1484375
2021-12-22,36989.1484375
2021-12-23,37362.8515625
2021-12-24,37727.80078125
2021-12-27,37988.5
2021-12-28,38357.80078125
2021-12-29,38274.6484375
2021-12-30,38658.80078125
2021-12-31,38701.05078125
2022-01-03,39123.80078125
2022-01-04,39370.69921875
2022-01-05,38609.1484375
2022-01-06,38009.0
2022-01-07,38139.8515625
2022-01-10,38212.19921875
2022-01-11,38605.44921875
2022-01-12,38604.75
2022-01-13,38607.0
2022-01-14,38826.8515625
2022-01-17,38804.94921875
2022-01-18,38091.75
2022-01-19,37281.69921875
2022-01-20,36662.19921875
2022-01-21,36054.6015625
2022-01-24,34821.6015625
2022-01-25,34707.44921875
2022-01-27,33475.05078125
2022-01-28,33851.94921875
2022-01-31,34824.55078125
2022-02-01,35371.6484375
2022-02-02,35788.75
2022-02-03,35056.80078125
2022-02-04,35080.1015625
2022-02-07,34621.25
2022-02-08,34521.55078125
2022-02-09,34983.30078125
2022-02-10,35341.8515625
2022-02-11,34379.05078125
2022-02-14,33880.6484375
2022-02-15,34913.30078125
2022-02-16,34801.94921875
2022-02-17,34634.1015625
2022-02-18,34483.1015625
2022-02-21,34472.05078125
2022-02-22,34129.55078125
2022-02-23,34114.30078125
2022-02-24,32547.900390625
2022-02-25,33476.94921875
2022-02-28,33847.8515625
2022-03-02,33720.0
2022-03-03,34130.30078125
2022-03-04,34177.69921875
2022-03-07,34135.8984375
2022-03-08,35055.55078125
2022-03-09,35440.55078125
2022-03-10,35399.1015625
2022-03-11,35348.69921875
2022-03-14,36028.0
2022-03-15,35097.8515625
2022-03-16,35729.6484375
2022-03-17,35643.6015625
2022-03-21,35377.75
2022-03-22,36070.44921875
2022-03-23,36082.0
2022-03-24,36516.75
2022-03-25,36152.30078125
2022-03-28,36026.05078125
2022-03-29,36146.75
2022-03-30,36463.55078125
2022-03-31,36317.19921875
2022-04-01,36343.3984375
2022-04-04,36442.8984375
2022-04-05,36466.55078125
2022-04-06,35871.5
2022-04-07,35423.25
2022-04-08,35394.44921875
2022-04-11,34895.8984375
2022-04-12,34379.5
2022-04-13,34354.80078125
2022-04-18,32780.05078125
2022-04-19,31804.19921875
2022-04-20,32173.400390625
2022-04-21,32611.599609375
2022-04-22,32426.69921875
2022-04-25,31744.0
2022-04-26,31840.05078125
2022-04-27,31594.349609375
2022-04-28,31914.349609375
2022-04-29,31622.400390625
2022-05-02,31138.80078125
2022-05-04,30794.599609375
2022-05-05,31432.44921875
2022-05-06,30719.44921875
2022-05-09,30733.30078125
2022-05-10,30427.19921875
2022-05-11,30050.25
2022-05-12,29756.849609375
2022-05-13,29624.849609375
2022-05-16,29403.5
2022-05-17,30218.75
2022-05-18,30077.69921875
2022-05-19,28352.150390625
2022-05-20,28789.400390625
2022-05-23,29079.30078125
2022-05-24,28531.5
2022-05-25,27566.099609375
2022-05-26,27932.55078125
2022-05-27,28641.599609375
2022-05-30,29753.30078125
2022-05-31,29679.05078125
2022-06-01,29260.75
2022-06-02,29792.400390625
2022-06-03,29903.80078125
2022-06-06,29819.80078125
2022-06-07,29351.69921875
2022-06-08,29472.150390625
2022-06-09,29761.55078125
2022-06-10,29114.30078125
2022-06-13,27914.599609375
2022-06-14,27953.349609375
2022-06-15,27812.44921875
2022-06-16,27136.44921875
2022-06-17,26732.44921875
2022-06-20,26966.19921875
2022-06-21,27810.650390625
2022-06-22,27488.400390625
2022-06-23,28027.80078125
2022-06-24,27777.80078125
2022-06-27,28345.94921875
2022-06-28,28509.099609375
2022-06-29,28140.099609375
2022-06-30,27843.349609375
2022-07-01,28064.25
2022-07-04,27890.650390625
2022-07-05,27695.150390625
2022-07-06,28007.599609375
2022-07-07,28196.349609375
2022-07-08,28250.30078125
2022-07-11,27380.55078125
2022-07-12,27063.75
2022-07-13,26949.75
2022-07-14,26523.30078125
2022-07-15,26484.75
2022-07-18,27322.94921875
2022-07-19,27346.150390625
2022-07-20,28146.349609375
2022-07-21,28342.900390625
2022-07-22,28168.150390625
2022-07-25,28216.0
2022-07-26,27418.849609375
2022-07-27,27878.80078125
2022-07-28,28663.05078125
2022-07-29,29152.30078125
2022-08-01,29220.0
2022-08-02,29024.650390625
2022-08-03,29416.94921875
2022-08-04,29782.900390625
2022-08-05,29973.55078125
2022-08-08,29967.69921875
2022-08-10,29701.150390625
2022-08-11,30233.69921875
2022-08-12,29885.900390625
2022-08-16,29909.0
2022-08-17,30256.900390625
2022-08-18,30018.900390625
2022-08-19,30036.099609375
2022-08-22,29478.900390625
2022-08-23,28957.849609375
2022-08-24,28859.849609375
2022-08-25,28608.650390625
2022-08-26,28691.599609375
2022-08-29,27678.94921875
2022-08-30,28407.900390625
2022-09-01,27846.80078125
2022-09-02,27745.80078125
2022-09-05,27836.599609375
2022-09-06,27742.80078125
2022-09-07,27832.400390625
2022-09-08,28102.400390625
2022-09-09,28724.05078125
2022-09-12,29131.19921875
2022-09-13,29116.849609375
2022-09-14,28137.650390625
2022-09-15,27734.349609375
2022-09-16,26706.44921875
2022-09-19,26810.150390625
2022-09-20,27020.599609375
2022-09-21,26843.25
2022-09-22,26782.650390625
2022-09-23,26592.349609375
2022-09-26,26743.650390625
2022-09-27,27004.150390625
2022-09-28,27067.650390625
2022-09-29,26819.05078125
2022-09-30,26981.150390625
2022-10-03,26729.099609375
2022-10-04,27496.94921875
2022-10-06,27928.75
2022-10-07,27733.599609375
2022-10-10,28027.599609375
2022-10-11,27469.5
2022-10-12,27694.650390625
2022-10-13,27506.19921875
2022-10-14,27954.05078125
2022-10-17,28019.150390625
2022-10-18,28315.19921875
2022-10-19,28060.349609375
2022-10-20,28432.19921875
2022-10-21,28336.94921875
2022-10-24,28534.30078125
2022-10-25,28722.849609375
2022-10-27,28572.19921875
2022-10-28,28318.349609375
2022-10-31,28727.599609375
2022-11-01,29270.650390625
2022-11-02,29138.650390625
2022-11-03,28795.75
2022-11-04,28693.05078125
2022-11-07,28741.30078125
2022-11-09,28626.80078125
2022-11-10,28505.75
2022-11-11,29591.94921875
2022-11-14,29849.30078125
2022-11-15,29865.30078125
2022-11-16,29951.5
2022-11-17,29681.400390625
2022-11-18,29669.25
2022-11-21,29209.55078125
2022-11-22,29446.900390625
2022-11-23,29405.650390625
2022-11-24,30178.650390625
2022-11-25,30334.599609375
2022-11-28,30309.650390625
2022-11-29,30345.650390625
2022-11-30,30391.69921875
2022-12-01,31120.5
2022-12-02,31052.099609375
2022-12-05,30891.5
2022-12-06,30443.0
2022-12-07,30187.05078125
2022-12-08,30115.0
2022-12-09,29168.44921875
2022-12-12,29050.5
2022-12-13,29376.55078125
2022-12-14,29713.900390625
2022-12-15,29087.94921875
2022-12-16,28702.19921875
2022-12-19,28556.44921875
2022-12-20,28612.5
2022-12-21,28764.25
2022-12-22,28763.900390625
2022-12-23,28237.05078125
2022-12-27,28636.25
2022-12-28,28583.44921875
2022-12-29,28687.19921875
2022-12-30,28621.69921875
2023-01-02,28737.30078125
2023-01-03,28962.30078125
2023-01-04,28677.80078125
2023-01-05,28527.75
2023-01-06,27956.44921875
2023-01-09,28748.150390625
2023-01-10,28502.69921875
2023-01-11,28596.349609375
2023-01-12,28720.30078125
2023-01-13,28933.75
2023-01-16,29264.650390625
2023-01-17,29498.0
2023-01-18,29617.80078125
2023-01-19,29632.349609375
2023-01-20,29529.650390625
2023-01-23,30086.0
2023-01-24,30316.900390625
2023-01-25,30043.900390625
2023-01-27,29766.44921875
2023-01-30,30094.849609375
2023-01-31,29740.349609375
2023-02-01,30018.25
2023-02-02,30566.75
2023-02-03,30597.650390625
2023-02-06,30411.099609375
2023-02-07,30310.69921875
2023-02-08,30774.05078125
2023-02-09,30990.849609375
2023-02-10,30870.19921875
2023-02-13,30289.650390625
2023-02-14,30588.75
2023-02-15,30934.349609375
2023-02-16,31434.849609375
2023-02-17,31054.849609375
2023-02-20,31222.349609375
2023-02-21,30947.25
2023-02-22,30608.19921875
2023-02-23,30598.400390625
2023-02-24,30514.900390625
2023-02-27,29919.19921875
2023-02-28,29663.94921875
2023-03-01,30097.75
2023-03-02,29717.44921875
2023-03-03,29817.05078125
2023-03-06,30179.75
2023-03-08,30065.75
2023-03-09,29742.349609375
2023-03-10,29545.5
2023-03-13,29267.0
2023-03-14,28784.69921875
2023-03-15,28716.5
2023-03-16,28517.25
2023-03-17,28854.44921875
2023-03-20,28442.94921875
2023-03-21,28164.849609375
2023-03-22,28217.599609375
2023-03-23,27999.25
2023-03-24,27935.650390625
2023-03-27,27948.75
2023-03-28,27702.80078125
2023-03-29,28011.30078125
2023-03-31,28698.599609375
2023-04-03,28633.0
2023-04-05,28977.19921875
2023-04-06,28764.55078125
2023-04-10,29041.599609375
2023-04-11,28675.75
2023-04-12,28980.349609375
2023-04-13,28342.80078125
2023-04-17,27008.19921875
2023-04-18,27166.94921875
2023-04-19,26687.44921875
2023-04-20,26637.150390625
2023-04-21,26822.099609375
2023-04-24,27013.650390625
2023-04-25,26985.80078125
2023-04-26,27065.0
2023-04-27,27355.25
2023-04-28,27708.19921875
2023-05-02,28025.0
2023-05-03,27743.75
2023-05-04,27883.19921875
2023-05-05,27719.94921875
2023-05-08,27920.94921875
2023-05-09,28125.5
2023-05-10,28091.75
2023-05-11,28102.0
2023-05-12,28028.400390625
2023-05-15,28165.400390625
2023-05-16,28216.0
2023-05-17,27942.94921875
2023-05-18,27892.55078125
2023-05-19,28303.650390625
2023-05-22,29007.30078125
2023-05-23,28873.69921875
2023-05-24,28890.80078125
2023-05-25,28928.75
2023-05-26,29355.900390625
2023-05-29,29240.19921875
2023-05-30,29297.650390625
2023-05-31,29319.75
2023-06-01,29446.25
2023-06-02,29328.150390625
2023-06-05,29238.75
2023-06-06,28689.05078125
2023-06-07,28913.69921875
2023-06-08,28591.099609375
2023-06-09,28355.349609375
2023-06-12,28784.0
2023-06-13,28899.30078125
2023-06-14,28855.05078125
2023-06-15,28699.0
2023-06-16,28588.80078125
2023-06-19,28708.30078125
2023-06-20,28930.80078125
2023-06-21,29025.69921875
2023-06-22,28811.150390625
2023-06-23,28554.30078125
2023-06-26,28590.099609375
2023-06-27,28800.150390625
2023-06-28,28843.0
2023-06-30,29563.0
2023-07-03,29424.80078125
2023-07-04,29729.849609375
2023-07-05,29841.849609375
2023-07-06,29805.19921875
2023-07-07,29560.44921875
2023-07-10,29194.75
2023-07-11,29324.80078125
2023-07-12,29118.05078125
2023-07-13,29628.19921875
2023-07-14,30945.5
2023-07-17,31041.599609375
2023-07-18,31371.150390625
2023-07-19,31353.55078125
2023-07-20,31145.94921875
2023-07-21,29871.05078125
2023-07-24,29843.44921875
2023-07-25,29761.150390625
2023-07-26,29800.400390625
2023-07-27,29745.0
2023-07-28,29490.25
2023-07-31,29928.44921875
2023-08-01,30288.650390625
2023-08-02,30043.599609375
2023-08-03,29971.150390625
2023-08-04,30436.099609375
2023-08-07,30779.25
2023-08-08,30824.94921875
2023-08-09,30940.05078125
2023-08-10,30867.0
2023-08-11,30819.150390625
2023-08-14,31028.900390625
2023-08-16,31212.099609375
2023-08-17,31060.19921875
2023-08-18,30604.05078125
2023-08-21,30937.599609375
2023-08-22,30902.400390625
2023-08-23,30924.099609375
2023-08-24,31112.150390625
2023-08-25,30914.55078125
2023-08-28,30773.599609375
2023-08-29,30866.05078125
2023-08-30,31103.900390625
2023-08-31,31164.900390625
2023-09-01,31514.349609375
2023-09-04,32163.94921875
2023-09-05,32365.30078125
2023-09-06,32312.30078125
2023-09-07,32448.349609375
2023-09-08,32415.650390625
2023-09-11,32642.80078125
2023-09-12,32977.8984375
2023-09-13,32886.69921875
2023-09-14,33045.3984375
2023-09-15,33355.05078125
2023-09-18,33129.5
2023-09-20,32949.19921875
2023-09-21,32919.94921875
2023-09-22,32906.30078125
2023-09-25,32648.599609375
2023-09-26,32471.0
2023-09-27,32594.650390625
2023-09-28,31879.599609375
2023-09-29,31784.400390625
2023-10-03,31717.25
2023-10-04,31811.5
2023-10-05,32125.400390625
2023-10-06,32341.69921875
2023-10-09,32308.55078125
2023-10-10,32569.44921875
2023-10-11,32548.05078125
2023-10-12,32003.650390625
2023-10-13,31807.94921875
2023-10-16,31750.400390625
2023-10-17,31794.900390625
2023-10-18,31606.650390625
2023-10-19,31540.05078125
2023-10-20,31469.349609375
2023-10-23,30848.400390625
2023-10-25,30530.5
2023-10-26,30225.650390625
2023-10-27,30599.69921875
2023-10-30,30641.0
2023-10-31,30582.25
2023-11-01,30344.849609375
2023-11-02,30582.75
2023-11-03,30779.94921875
2023-11-06,30972.94921875
2023-11-07,30981.599609375
2023-11-08,30917.19921875
2023-11-09,30717.69921875
2023-11-10,30639.05078125
2023-11-13,30635.849609375
2023-11-15,31429.349609375
2023-11-16,32273.349609375
2023-11-17,32191.349609375
2023-11-20,32383.19921875
2023-11-21,32325.69921875
2023-11-22,32564.400390625
2023-11-23,32370.650390625
2023-11-24,32055.150390625
2023-11-28,32118.5
2023-11-29,32608.400390625
2023-11-30,32582.19921875
2023-12-01,32598.69921875
2023-12-04,32665.55078125
2023-12-05,32479.150390625
2023-12-06,33022.6015625
2023-12-07,32961.6015625
2023-12-08,33392.8984375
2023-12-11,33514.25
2023-12-12,33493.8984375
2023-12-13,33066.6484375
2023-12-14,34223.3515625
2023-12-15,35782.44921875
2023-12-18,35685.55078125
2023-12-19,35345.0
2023-12-20,34741.05078125
2023-12-21,34846.05078125
2023-12-22,35637.80078125
2023-12-26,35493.44921875
2023-12-27,35741.0
2023-12-28,35691.6484375
2023-12-29,35515.0
2024-01-02,35283.1015625
2024-01-03,34395.44921875
2024-01-04,34409.3984375
2024-01-05,34851.75
2024-01-08,34514.6484375
2024-01-09,34662.44921875
2024-01-10,34834.3515625
2024-01-11,34735.25
2024-01-12,36521.69921875
2024-01-15,37201.94921875
2024-01-16,36727.1015625
2024-01-17,36960.3984375
2024-01-18,36730.5
2024-01-19,37069.25
2024-01-23,36521.3515625
2024-01-24,37090.1484375
2024-01-25,36496.19921875
2024-01-29,36531.8984375
2024-01-30,36381.94921875
2024-01-31,36638.3984375
2024-02-01,36534.55078125
2024-02-02,37323.25
2024-02-05,37162.1484375
2024-02-06,38246.30078125
2024-02-07,37767.75
2024-02-08,37851.6015625
2024-02-09,37699.25
2024-02-12,37998.0
2024-02-13,38204.0
2024-02-14,37775.3984375
2024-02-15,37999.55078125
2024-02-16,38477.05078125
2024-02-20,38029.69921875
2024-02-21,37405.8984375
2024-02-22,38130.1484375
2024-02-23,38045.6484375
2024-02-26,37598.6484375
2024-02-27,37870.25
2024-02-28,37741.75
2024-02-29,37720.3984375
2024-03-01,37516.05078125
2024-03-04,37314.80078125
2024-03-05,36720.75
2024-03-06,37001.80078125
2024-03-07,37099.8984375
2024-03-11,36988.30078125
2024-03-12,37224.25
2024-03-13,36946.44921875
2024-03-14,37679.6015625
2024-03-15,37500.69921875
2024-03-18,36886.05078125
2024-03-19,35814.6484375
2024-03-20,35748.8984375
2024-03-21,36026.80078125
2024-03-22,35188.3984375
2024-03-26,34969.1015625
2024-03-27,34744.3515625
2024-03-28,34898.1484375
2024-04-01,35042.80078125
2024-04-02,34793.94921875
2024-04-03,35047.3984375
2024-04-04,35426.69921875
2024-04-05,35247.8984375
2024-04-08,35064.1484375
2024-04-09,35079.3515625
2024-04-10,35293.1484375
2024-04-12,35018.1015625
2024-04-15,34463.6015625
2024-04-16,33574.94921875
2024-04-18,33498.6484375
2024-04-19,33368.30078125
2024-04-22,33538.80078125
2024-04-23,33714.55078125
2024-04-24,33442.55078125
2024-04-25,33554.44921875
2024-04-26,33666.25
2024-04-29,33579.3984375
2024-04-30,33200.94921875
2024-05-02,33203.3515625
2024-05-03,32908.3984375
2024-05-06,33217.1484375
2024-05-07,33473.0
2024-05-08,33335.1484375
2024-05-09,33205.8515625
2024-05-10,32935.1484375
2024-05-13,33074.6015625
2024-05-14,33122.8515625
2024-05-15,33117.3984375
2024-05-16,33668.44921875
2024-05-17,33381.8515625
2024-05-21,33379.75
2024-05-22,33613.1015625
2024-05-23,34042.8515625
2024-05-24,33824.30078125
2024-05-27,33995.25
2024-05-28,33880.8515625
2024-05-29,33542.69921875
2024-05-30,32806.75
2024-05-31,32386.099609375
2024-06-03,32511.400390625
2024-06-04,32315.55078125
2024-06-05,33087.94921875
2024-06-06,34023.80078125
2024-06-07,35169.8984375
2024-06-10,34526.25
2024-06-11,34531.44921875
2024-06-12,34547.44921875
2024-06-13,34902.05078125
2024-06-14,34598.55078125
2024-06-18,34802.94921875
2024-06-19,34927.1015625
2024-06-20,34936.44921875
2024-06-21,35200.30078125
2024-06-24,35143.80078125
2024-06-25,35426.8984375
2024-06-26,35406.6015625
2024-06-27,36123.69921875
2024-06-28,36157.5
2024-07-01,36869.19921875
2024-07-02,37299.1484375
2024-07-03,37314.3515625
2024-07-04,37725.8984375
2024-07-05,37720.75
2024-07-08,37742.25
2024-07-09,37668.6484375
2024-07-10,37280.75
2024-07-11,37332.6015625
2024-07-12,39023.0
2024-07-15,38911.3515625
2024-07-16,39141.5
2024-07-18,40010.3984375
2024-07-19,39923.30078125
2024-07-22,39773.1484375
2024-07-23,40044.69921875
2024-07-24,40115.05078125
2024-07-25,40055.5
2024-07-26,40977.3515625
2024-07-29,40820.1015625
2024-07-30,40776.3515625
2024-07-31,40851.1015625
2024-08-01,40709.3984375
2024-08-02,39730.30078125
2024-08-05,38435.94921875
2024-08-06,38624.19921875
2024-08-07,39194.80078125
2024-08-08,38448.30078125
2024-08-09,39043.30078125
2024-08-12,39109.55078125
2024-08-13,39114.8515625
2024-08-14,39731.25
2024-08-16,40878.25
2024-08-19,41236.8515625
2024-08-20,41572.80078125
2024-08-21,41570.8515625
2024-08-22,41506.19921875
2024-08-23,41089.8515625
2024-08-26,41662.1015625
2024-08-27,41709.25
2024-08-28,42394.3984375
2024-08-29,42591.6484375
2024-08-30,42787.80078125
2024-09-02,42975.6015625
2024-09-03,42851.30078125
2024-09-04,42450.5
2024-09-05,42644.6484375
2024-09-06,42228.8984375
2024-09-09,41919.05078125
2024-09-10,42644.19921875
2024-09-11,42473.30078125
2024-09-12,43152.1015625
2024-09-13,43394.3515625
2024-09-16,43352.6484375
2024-09-17,43415.0
2024-09-18,42089.30078125
2024-09-19,41945.6015625
2024-09-20,42204.3984375
2024-09-23,41987.44921875
2024-09-24,42243.94921875
2024-09-25,41960.94921875
2024-09-26,42160.8984375
2024-09-27,42312.6015625
2024-09-30,41946.1015625
2024-10-01,42434.80078125
2024-10-03,41762.6015625
2024-10-04,41912.5
2024-10-07,42190.6015625
2024-10-08,42387.55078125
2024-10-09,42622.75
2024-10-10,42088.80078125
2024-10-11,42335.69921875
2024-10-14,42872.75
2024-10-15,42731.30078125
2024-10-16,42230.69921875
2024-10-17,42734.3515625
2024-10-18,42106.5
2024-10-21,41562.69921875
2024-10-22,41238.80078125
2024-10-23,42222.1015625
2024-10-24,42139.8515625
2024-10-25,42038.8515625
2024-10-28,42205.3984375
2024-10-29,42031.44921875
2024-10-30,41668.6015625
2024-10-31,40407.55078125
2024-11-01,40433.6484375
2024-11-04,40421.80078125
2024-11-05,40424.6015625
2024-11-06,42039.5
2024-11-07,41752.3984375
2024-11-08,42050.1484375
2024-11-11,42590.30078125
2024-11-12,42609.55078125
2024-11-13,42369.5
2024-11-14,42390.8515625
2024-11-18,41406.55078125
2024-11-19,41748.3515625
2024-11-21,41952.80078125
2024-11-22,43332.1015625
2024-11-25,43618.1484375
2024-11-26,44085.94921875
2024-11-27,44018.69921875
2024-11-28,42968.75
2024-11-29,43146.25
2024-12-02,43547.0
2024-12-03,43754.94921875
2024-12-04,43949.25
2024-12-05,44806.3984375
2024-12-06,44716.05078125
2024-12-09,44832.0
2024-12-10,45199.75
2024-12-11,45350.3515625
2024-12-12,45701.6484375
2024-12-13,45995.80078125
2024-12-16,45653.6015625
2024-12-17,45413.75
2024-12-18,45526.8515625
2024-12-19,44954.19921875
2024-12-20,43771.05078125
2024-12-23,43828.3515625
2024-12-24,43668.8984375
2024-12-26,43664.25
2024-12-27,43721.3984375
2024-12-30,43971.44921875
2024-12-31,43337.80078125
2025-01-02,44351.75
2025-01-03,43726.55078125
2025-01-06,43674.8515625
2025-01-07,43375.8515625
2025-01-08,43634.25
2025-01-09,43126.44921875
2025-01-10,44609.5
2025-01-13,43999.1015625
2025-01-14,43061.19921875
2025-01-15,43401.25
2025-01-16,43188.8515625
2025-01-17,42032.19921875
2025-01-20,42192.80078125
2025-01-21,41697.94921875
2025-01-22,42590.69921875
2025-01-23,43351.75
2025-01-24,43524.1015625
2025-01-27,42060.69921875
2025-01-28,41820.6484375
2025-01-29,42914.5
2025-01-30,42426.6484375
2025-01-31,42662.75
2025-02-03,42314.25
2025-02-04,42860.19921875
2025-02-05,42888.30078125
2025-02-06,43020.94921875
2025-02-07,42921.6484375
2025-02-10,42596.55078125
2025-02-11,41968.30078125
2025-02-12,41733.0
2025-02-13,41315.55078125
2025-02-14,41311.1484375
2025-02-17,41073.19921875
2025-02-18,41464.3515625
2025-02-19,40924.25
2025-02-20,40865.94921875
2025-02-21,40544.55078125
2025-02-24,39446.6015625
2025-02-25,39131.30078125
2025-02-27,38946.6484375
2025-02-28,37318.30078125
2025-03-03,37614.44921875
2025-03-04,37276.94921875
2025-03-05,38072.30078125
2025-03-06,38145.30078125
2025-03-07,37820.44921875
2025-03-10,37644.3984375
2025-03-11,37400.1015625
2025-03-12,36310.6484375
2025-03-13,36122.5
2025-03-17,36137.19921875
2025-03-18,36619.3515625
2025-03-19,36223.5
2025-03-20,36676.6484375
2025-03-21,36702.80078125
2025-03-24,37217.05078125
2025-03-25,37706.8984375
2025-03-26,37336.69921875
2025-03-27,37548.30078125
2025-03-28,36886.1484375
2025-04-01,35980.6484375
2025-04-02,36283.5
2025-04-03,34757.25
2025-04-04,33511.44921875
2025-04-07,32668.80078125
2025-04-08,33244.3984375
2025-04-09,32517.349609375
2025-04-11,32740.849609375
2025-04-15,33275.30078125
2025-04-16,33295.5
2025-04-17,33372.3515625
2025-04-21,34135.05078125
2025-04-22,33941.05078125
2025-04-23,35414.6484375
2025-04-24,35307.1015625
2025-04-25,35562.25
2025-04-28,35482.94921875
2025-04-29,35920.3984375
2025-04-30,35794.94921875
2025-05-02,35891.8515625
2025-05-05,35991.25
2025-05-06,35869.19921875
2025-05-07,35920.30078125
2025-05-08,36002.44921875
2025-05-09,35880.1015625
2025-05-12,38282.55078125
2025-05-13,37354.6015625
2025-05-14,37853.55078125
2025-05-15,38293.80078125
2025-05-16,37972.3515625
2025-05-19,37477.80078125
2025-05-20,37283.5
2025-05-21,37540.1015625
2025-05-22,37050.1484375
2025-05-23,37403.55078125
2025-05-26,37785.8984375
2025-05-27,37501.44921875
2025-05-28,37465.75
2025-05-29,37754.1484375
2025-05-30,37321.75
2025-06-02,37061.8515625
2025-06-03,36814.8984375
2025-06-04,36938.1015625
2025-06-05,37107.94921875
2025-06-06,37294.8515625
2025-06-09,37669.19921875
2025-06-10,38300.0
2025-06-11,38784.30078125
2025-06-12,38460.30078125
2025-06-13,38469.25
2025-06-16,39073.05078125
2025-06-17,39356.1015625
2025-06-18,39030.8984375
2025-06-19,38664.94921875
2025-06-20,38991.44921875
2025-06-23,38414.1015625
2025-06-24,38417.94921875
2025-06-25,39046.30078125
2025-06-26,38996.25
2025-06-27,38822.94921875
2025-06-30,38950.0
2025-07-01,38833.1484375
2025-07-02,38879.1015625
2025-07-03,38854.30078125
2025-07-04,39166.55078125
2025-07-07,38866.94921875
2025-07-08,38983.25
2025-07-09,38680.8515625
2025-07-10,38376.6484375
2025-07-11,37693.25
2025-07-14,37273.69921875
2025-07-15,37424.6015625
2025-07-16,37660.75
2025-07-17,37138.55078125
2025-07-18,37141.8984375
2025-07-21,37031.75
2025-07-22,36858.8984375
2025-07-23,36951.5
2025-07-24,36135.80078125
2025-07-25,35623.75
2025-07-28,35370.05078125
2025-07-29,35373.25
2025-07-30,35481.69921875
2025-07-31,35301.6484375
2025-08-01,34649.6015625
2025-08-04,35203.3515625
2025-08-05,35034.5
2025-08-06,34426.25
2025-08-07,34726.80078125
2025-08-08,34398.5
2025-08-11,34544.6484375
2025-08-12,34674.30078125
2025-08-13,34692.94921875
2025-08-14,34833.19921875
2025-08-18,34634.94921875
2025-08-19,34756.69921875
2025-08-20,35690.05078125
2025-08-21,35723.8984375
2025-08-22,35440.8515625
2025-08-25,36280.1015625
2025-08-26,36063.19921875
2025-08-28,35488.80078125
2025-08-29,35181.25
2025-09-01,35740.6484375
2025-09-02,35737.8984375
2025-09-03,35474.94921875
2025-09-04,35143.1015625
2025-09-05,34635.8515625
2025-09-08,34310.44921875
2025-09-09,35255.94921875
2025-09-10,36183.80078125
2025-09-11,36003.5
2025-09-12,36110.75
2025-09-15,35902.19921875
2025-09-16,36212.1484375
2025-09-17,36447.1484375
2025-09-18,36750.25
2025-09-19,36578.25
2025-09-22,35500.1484375
2025-09-23,35249.1015625
2025-09-24,34994.30078125
2025-09-25,34548.30078125
2025-09-26,33702.0
2025-09-29,33693.1015625
2025-09-30,33655.1015625
2025-10-01,33905.19921875
2025-10-03,33949.75
2025-10-06,34722.55078125
2025-10-07,34709.44921875
2025-10-08,35232.25
2025-10-09,35628.5
2025-10-10,35609.05078125
2025-10-13,35330.80078125
2025-10-14,35214.8515625
2025-10-15,35401.80078125
2025-10-16,35531.05078125
2025-10-17,34950.69921875
2025-10-20,35292.6015625
2025-10-21,35299.75
2025-10-23,36078.6484375
2025-10-24,35986.3515625
2025-10-27,36129.1015625
2025-10-28,35860.3984375
2025-10-29,36090.1015625
2025-10-30,35906.3984375
2025-10-31,35712.3515625
2025-11-03,35653.1015625
2025-11-04,35274.55078125
2025-11-06,35337.6015625
2025-11-07,35117.6484375
2025-11-10,35688.25
2025-11-11,36116.8984375
2025-11-12,36855.3984375
2025-11-13,36679.5
2025-11-14,36301.25
