date,spot_price
2016-01-04,7791.2998046875
2016-01-05,7784.64990234375
2016-01-06,7741.0
2016-01-07,7568.2998046875
2016-01-08,7601.35009765625
2016-01-11,7563.85009765625
2016-01-12,7510.2998046875
2016-01-13,7562.39990234375
2016-01-14,7536.7998046875
2016-01-15,7437.7998046875
2016-01-18,7351.0
2016-01-19,7435.10009765625
2016-01-20,7309.2998046875
2016-01-21,7276.7998046875
2016-01-22,7422.4501953125
2016-01-25,7436.14990234375
2016-01-27,7437.75
2016-01-28,7424.64990234375
2016-01-29,7563.5498046875
2016-02-01,7555.9501953125
2016-02-02,7455.5498046875
2016-02-03,7361.7998046875
2016-02-04,7404.0
2016-02-05,7489.10009765625
2016-02-08,7387.25
2016-02-09,7298.2001953125
2016-02-10,7215.7001953125
2016-02-11,6976.35009765625
2016-02-12,6980.9501953125
2016-02-15,7162.9501953125
2016-02-16,7048.25
2016-02-17,7108.4501953125
2016-02-18,7191.75
2016-02-19,7210.75
2016-02-22,7234.5498046875
2016-02-23,7109.5498046875
2016-02-24,7018.7001953125
2016-02-25,6970.60009765625
2016-02-26,7029.75
2016-02-29,6987.0498046875
2016-03-01,7222.2998046875
2016-03-02,7368.85009765625
2016-03-03,7475.60009765625
2016-03-04,7485.35009765625
2016-03-08,7485.2998046875
2016-03-09,7531.7998046875
2016-03-10,7486.14990234375
2016-03-11,7510.2001953125
2016-03-14,7538.75
2016-03-15,7460.60009765625
2016-03-16,7498.75
2016-03-17,7512.5498046875
2016-03-18,7604.35009765625
2016-03-21,7704.25
2016-03-22,7714.89990234375
2016-03-23,7716.5
2016-03-28,7615.10009765625
2016-03-29,7597.0
2016-03-30,7735.2001953125
2016-03-31,7738.39990234375
2016-04-01,7713.0498046875
2016-04-04,7758.7998046875
2016-04-05,7603.2001953125
2016-04-06,7614.35009765625
2016-04-07,7546.4501953125
2016-04-08,7555.2001953125
2016-04-11,7671.39990234375
2016-04-12,7708.9501953125
2016-04-13,7850.4501953125
2016-04-18,7914.7001953125
2016-04-20,7914.75
2016-04-21,7912.0498046875
2016-04-22,7899.2998046875
2016-04-25,7855.0498046875
2016-04-26,7962.64990234375
2016-04-27,7979.89990234375
2016-04-28,7847.25
2016-04-29,7849.7998046875
2016-05-02,7805.89990234375
2016-05-03,7747.0
2016-05-04,7706.5498046875
2016-05-05,7735.5
2016-05-06,7733.4501953125
2016-05-09,7866.0498046875
2016-05-10,7887.7998046875
2016-05-11,7848.85009765625
2016-05-12,7900.39990234375
2016-05-13,7814.89990234375
2016-05-16,7860.75
2016-05-17,7890.75
2016-05-18,7870.14990234375
2016-05-19,7783.39990234375
2016-05-20,7749.7001953125
2016-05-23,7731.0498046875
2016-05-24,7748.85009765625
2016-05-25,7934.89990234375
2016-05-26,8069.64990234375
2016-05-27,8156.64990234375
2016-05-30,8178.5
2016-05-31,8160.10009765625
2016-06-01,8179.9501953125
2016-06-02,8218.9501953125
2016-06-03,8220.7998046875
2016-06-06,8201.0498046875
2016-06-07,8266.4501953125
2016-06-08,8273.0498046875
2016-06-09,8203.599609375
2016-06-10,8170.0498046875
2016-06-13,8110.60009765625
2016-06-14,8108.85009765625
2016-06-15,8206.599609375
2016-06-16,8140.75
2016-06-17,8170.2001953125
2016-06-20,8238.5
2016-06-21,8219.900390625
2016-06-22,8203.7001953125
2016-06-23,8270.4501953125
2016-06-24,8088.60009765625
2016-06-27,8094.7001953125
2016-06-28,8127.85009765625
2016-06-29,8204.0
2016-06-30,8287.75
2016-07-01,8328.349609375
2016-07-04,8370.7001953125
2016-07-05,8335.9501953125
2016-07-07,8337.900390625
2016-07-08,8323.2001953125
2016-07-11,8467.900390625
2016-07-12,8521.0498046875
2016-07-13,8519.5
2016-07-14,8565.0
2016-07-15,8541.400390625
2016-07-18,8508.7001953125
2016-07-19,8528.5498046875
2016-07-20,8565.849609375
2016-07-21,8510.099609375
2016-07-22,8541.2001953125
2016-07-25,8635.650390625
2016-07-26,8590.650390625
2016-07-27,8615.7998046875
2016-07-28,8666.2998046875
2016-07-29,8638.5
2016-08-01,8636.5498046875
2016-08-02,8622.900390625
2016-08-03,8544.849609375
2016-08-04,8551.099609375
2016-08-05,8683.150390625
2016-08-08,8711.349609375
2016-08-09,8678.25
2016-08-10,8575.2998046875
2016-08-11,8592.150390625
2016-08-16,8642.5498046875
2016-08-17,8624.0498046875
2016-08-18,8673.25
2016-08-19,8666.900390625
2016-08-22,8629.150390625
2016-08-23,8632.599609375
2016-08-24,8650.2998046875
2016-08-25,8592.2001953125
2016-08-26,8572.5498046875
2016-08-29,8607.4501953125
2016-08-30,8744.349609375
2016-08-31,8786.2001953125
2016-09-01,8774.650390625
2016-09-02,8809.650390625
2016-09-06,8943.0
2016-09-07,8917.9501953125
2016-09-08,8952.5
2016-09-09,8866.7001953125
2016-09-12,8715.599609375
2016-09-14,8726.599609375
2016-09-15,8742.5498046875
2016-09-16,8779.849609375
2016-09-19,8808.400390625
2016-09-20,8775.900390625
2016-09-21,8777.150390625
2016-09-22,8867.4501953125
2016-09-23,8831.5498046875
2016-09-26,8723.0498046875
2016-09-27,8706.400390625
2016-09-28,8745.150390625
2016-09-29,8591.25
2016-09-30,8611.150390625
2016-10-03,8738.099609375
2016-10-04,8769.150390625
2016-10-05,8743.9501953125
2016-10-06,8709.5498046875
2016-10-07,8697.599609375
2016-10-10,8708.7998046875
2016-10-13,8573.349609375
2016-10-14,8583.400390625
2016-10-17,8520.400390625
2016-10-18,8677.900390625
2016-10-19,8659.099609375
2016-10-20,8699.400390625
2016-10-21,8693.0498046875
2016-10-24,8708.9501953125
2016-10-25,8691.2998046875
2016-10-26,8615.25
2016-10-27,8615.25
2016-10-28,8638.0
2016-11-01,8626.25
2016-11-02,8514.0
2016-11-03,8484.9501953125
2016-11-04,8433.75
2016-11-07,8497.0498046875
2016-11-08,8543.5498046875
2016-11-09,8432.0
2016-11-10,8525.75
2016-11-11,8296.2998046875
2016-11-15,8108.4501953125
2016-11-16,8111.60009765625
2016-11-17,8079.9501953125
2016-11-18,8074.10009765625
2016-11-21,7929.10009765625
2016-11-22,8002.2998046875
2016-11-23,8033.2998046875
2016-11-24,7965.5
2016-11-25,8114.2998046875
2016-11-28,8126.89990234375
2016-11-29,8142.14990234375
2016-11-30,8224.5
2016-12-01,8192.900390625
2016-12-02,8086.7998046875
2016-12-05,8128.75
2016-12-06,8143.14990234375
2016-12-07,8102.0498046875
2016-12-08,8246.849609375
2016-12-09,8261.75
2016-12-12,8170.7998046875
2016-12-13,8221.7998046875
2016-12-14,8182.4501953125
2016-12-15,8153.60009765625
2016-12-16,8139.4501953125
2016-12-19,8104.35009765625
2016-12-20,8082.39990234375
2016-12-21,8061.2998046875
2016-12-22,7979.10009765625
2016-12-23,7985.75
2016-12-26,7908.25
2016-12-27,8032.85009765625
2016-12-28,8034.85009765625
2016-12-29,8103.60009765625
2016-12-30,8185.7998046875
2017-01-02,8179.5
2017-01-03,8192.25
2017-01-04,8190.5
2017-01-05,8273.7998046875
2017-01-06,8243.7998046875
2017-01-09,8236.0498046875
2017-01-10,8288.599609375
2017-01-11,8380.650390625
2017-01-12,8407.2001953125
2017-01-13,8400.349609375
2017-01-16,8412.7998046875
2017-01-17,8398.0
2017-01-18,8417.0
2017-01-19,8435.099609375
2017-01-20,8349.349609375
2017-01-23,8391.5
2017-01-24,8475.7998046875
2017-01-25,8602.75
2017-01-27,8641.25
2017-01-30,8632.75
2017-01-31,8561.2998046875
2017-02-01,8716.400390625
2017-02-02,8734.25
2017-02-03,8740.9501953125
2017-02-06,8801.0498046875
2017-02-07,8768.2998046875
2017-02-08,8769.0498046875
2017-02-09,8778.400390625
2017-02-10,8793.5498046875
2017-02-13,8805.0498046875
2017-02-14,8792.2998046875
2017-02-15,8724.7001953125
2017-02-16,8778.0
2017-02-17,8821.7001953125
2017-02-20,8879.2001953125
2017-02-21,8907.849609375
2017-02-22,8926.900390625
2017-02-23,8939.5
2017-02-27,8896.7001953125
2017-02-28,8879.599609375
2017-03-01,8945.7998046875
2017-03-02,8899.75
2017-03-03,8897.5498046875
2017-03-06,8963.4501953125
2017-03-07,8946.900390625
2017-03-08,8924.2998046875
2017-03-09,8927.0
2017-03-10,8934.5498046875
2017-03-14,9087.0
2017-03-15,9084.7998046875
2017-03-16,9153.7001953125
2017-03-17,9160.0498046875
2017-03-20,9126.849609375
2017-03-21,9121.5
2017-03-22,9030.4501953125
2017-03-23,9086.2998046875
2017-03-24,9108.0
2017-03-27,9045.2001953125
2017-03-28,9100.7998046875
2017-03-29,9143.7998046875
2017-03-30,9173.75
2017-03-31,9173.75
2017-04-03,9237.849609375
2017-04-05,9265.150390625
2017-04-06,9261.9501953125
2017-04-07,9198.2998046875
2017-04-10,9181.4501953125
2017-04-11,9237.0
2017-04-12,9203.4501953125
2017-04-13,9150.7998046875
2017-04-17,9139.2998046875
2017-04-18,9105.150390625
2017-04-19,9103.5
2017-04-20,9136.400390625
2017-04-21,9119.400390625
2017-04-24,9217.9501953125
2017-04-25,9306.599609375
2017-04-26,9351.849609375
2017-04-27,9342.150390625
2017-04-28,9304.0498046875
2017-05-02,9313.7998046875
2017-05-03,9311.9501953125
2017-05-04,9359.900390625
2017-05-05,9285.2998046875
2017-05-08,9314.0498046875
2017-05-09,9316.849609375
2017-05-10,9407.2998046875
2017-05-11,9422.400390625
2017-05-12,9400.900390625
2017-05-15,9445.400390625
2017-05-16,9512.25
2017-05-17,9525.75
2017-05-18,9429.4501953125
2017-05-19,9427.900390625
2017-05-22,9438.25
2017-05-23,9386.150390625
2017-05-24,9360.5498046875
2017-05-25,9509.75
2017-05-26,9595.099609375
2017-05-29,9604.900390625
2017-05-30,9624.5498046875
2017-05-31,9621.25
2017-06-01,9616.099609375
2017-06-02,9653.5
2017-06-05,9675.099609375
2017-06-06,9637.150390625
2017-06-07,9663.900390625
2017-06-08,9647.25
2017-06-09,9668.25
2017-06-12,9616.400390625
2017-06-13,9606.900390625
2017-06-14,9618.150390625
2017-06-15,9578.0498046875
2017-06-16,9588.0498046875
2017-06-19,9657.5498046875
2017-06-20,9653.5
2017-06-21,9633.599609375
2017-06-22,9630.0
2017-06-23,9574.9501953125
2017-06-27,9511.400390625
2017-06-28,9491.25
2017-06-29,9504.099609375
2017-06-30,9520.900390625
2017-07-03,9615.0
2017-07-04,9613.2998046875
2017-07-05,9637.599609375
2017-07-06,9674.5498046875
2017-07-07,9665.7998046875
2017-07-10,9771.0498046875
2017-07-11,9786.0498046875
2017-07-12,9816.099609375
2017-07-13,9891.7001953125
2017-07-14,9886.349609375
2017-07-17,9915.9501953125
2017-07-18,9827.150390625
2017-07-19,9899.599609375
2017-07-20,9873.2998046875
2017-07-21,9915.25
2017-07-24,9966.400390625
2017-07-25,9964.5498046875
2017-07-26,10020.650390625
2017-07-27,10020.5498046875
2017-07-28,10014.5
2017-07-31,10077.099609375
2017-08-01,10114.650390625
2017-08-02,10081.5
2017-08-03,10013.650390625
2017-08-04,10066.400390625
2017-08-07,10057.400390625
2017-08-08,9978.5498046875
2017-08-09,9908.0498046875
2017-08-10,9820.25
2017-08-11,9710.7998046875
2017-08-14,9794.150390625
2017-08-16,9897.2998046875
2017-08-17,9904.150390625
2017-08-18,9837.400390625
2017-08-21,9754.349609375
2017-08-22,9765.5498046875
2017-08-23,9852.5
2017-08-24,9857.0498046875
2017-08-28,9912.7998046875
2017-08-29,9796.0498046875
2017-08-30,9884.400390625
2017-08-31,9917.900390625
2017-09-01,9974.400390625
2017-09-04,9912.849609375
2017-09-05,9952.2001953125
2017-09-06,9916.2001953125
2017-09-07,9929.900390625
2017-09-08,9934.7998046875
2017-09-11,10006.0498046875
2017-09-12,10093.0498046875
2017-09-13,10079.2998046875
2017-09-14,10086.599609375
2017-09-15,10085.400390625
2017-09-18,10153.099609375
2017-09-19,10147.5498046875
2017-09-20,10141.150390625
2017-09-21,10121.900390625
2017-09-22,9964.400390625
2017-09-25,9872.599609375
2017-09-26,9871.5
2017-09-27,9735.75
2017-09-28,9768.9501953125
2017-09-29,9788.599609375
2017-10-03,9859.5
2017-10-04,9914.900390625
2017-10-05,9888.7001953125
2017-10-06,9979.7001953125
2017-10-09,9988.75
2017-10-10,10016.9501953125
2017-10-11,9984.7998046875
2017-10-12,10096.400390625
2017-10-13,10167.4501953125
2017-10-16,10230.849609375
2017-10-17,10234.4501953125
2017-10-18,10210.849609375
2017-10-19,10146.5498046875
2017-10-23,10184.849609375
2017-10-24,10207.7001953125
2017-10-25,10295.349609375
2017-10-26,10343.7998046875
2017-10-27,10323.0498046875
2017-10-30,10363.650390625
2017-10-31,10335.2998046875
2017-11-01,10440.5
2017-11-02,10423.7998046875
2017-11-03,10452.5
2017-11-06,10451.7998046875
2017-11-07,10350.150390625
2017-11-08,10303.150390625
2017-11-09,10308.9501953125
2017-11-10,10321.75
2017-11-13,10224.9501953125
2017-11-14,10186.599609375
2017-11-15,10118.0498046875
2017-11-16,10214.75
2017-11-17,10283.599609375
2017-11-20,10298.75
2017-11-21,10326.900390625
2017-11-22,10342.2998046875
2017-11-23,10348.75
2017-11-24,10389.7001953125
2017-11-27,10399.5498046875
2017-11-28,10370.25
2017-11-29,10361.2998046875
2017-11-30,10226.5498046875
2017-12-01,10121.7998046875
2017-12-04,10127.75
2017-12-05,10118.25
2017-12-06,10044.099609375
2017-12-07,10166.7001953125
2017-12-08,10265.650390625
2017-12-11,10322.25
2017-12-12,10240.150390625
2017-12-13,10192.9501953125
2017-12-14,10252.099609375
2017-12-15,10333.25
2017-12-18,10388.75
2017-12-19,10463.2001953125
2017-12-20,10444.2001953125
2017-12-21,10440.2998046875
2017-12-22,10493.0
2017-12-26,10531.5
2017-12-27,10490.75
2017-12-28,10477.900390625
2017-12-29,10530.7001953125
2018-01-02,10442.2001953125
2018-01-03,10443.2001953125
2018-01-04,10504.7998046875
2018-01-05,10558.849609375
2018-01-08,10623.599609375
2018-01-09,10637.0
2018-01-10,10632.2001953125
2018-01-11,10651.2001953125
2018-01-12,10681.25
2018-01-15,10741.5498046875
2018-01-16,10700.4501953125
2018-01-17,10788.5498046875
2018-01-18,10817.0
2018-01-19,10894.7001953125
2018-01-22,10966.2001953125
2018-01-23,11083.7001953125
2018-01-24,11086.0
2018-01-25,11069.650390625
2018-01-29,11130.400390625
2018-01-30,11049.650390625
2018-01-31,11027.7001953125
2018-02-01,11016.900390625
2018-02-02,10760.599609375
2018-02-05,10666.5498046875
2018-02-06,10498.25
2018-02-07,10476.7001953125
2018-02-08,10576.849609375
2018-02-09,10454.9501953125
2018-02-12,10539.75
2018-02-14,10500.900390625
2018-02-15,10545.5
2018-02-16,10452.2998046875
2018-02-19,10378.400390625
2018-02-20,10360.400390625
2018-02-21,10397.4501953125
2018-02-22,10382.7001953125
2018-02-23,10491.0498046875
2018-02-26,10582.599609375
2018-02-27,10554.2998046875
2018-02-28,10492.849609375
2018-03-01,10458.349609375
2018-03-05,10358.849609375
2018-03-06,10249.25
2018-03-07,10154.2001953125
2018-03-08,10242.650390625
2018-03-09,10226.849609375
2018-03-12,10421.400390625
2018-03-13,10426.849609375
2018-03-14,10410.900390625
2018-03-15,10360.150390625
2018-03-16,10195.150390625
2018-03-19,10094.25
2018-03-20,10124.349609375
2018-03-21,10155.25
2018-03-22,10114.75
2018-03-23,9998.0498046875
2018-03-26,10130.650390625
2018-03-27,10184.150390625
2018-03-28,10113.7001953125
2018-04-02,10211.7998046875
2018-04-03,10245.0
2018-04-04,10128.400390625
2018-04-05,10325.150390625
2018-04-06,10331.599609375
2018-04-09,10379.349609375
2018-04-10,10402.25
2018-04-11,10417.150390625
2018-04-12,10458.650390625
2018-04-13,10480.599609375
2018-04-16,10528.349609375
2018-04-17,10548.7001953125
2018-04-18,10526.2001953125
2018-04-19,10565.2998046875
2018-04-20,10564.0498046875
2018-04-23,10584.7001953125
2018-04-24,10614.349609375
2018-04-25,10570.5498046875
2018-04-26,10617.7998046875
2018-04-27,10692.2998046875
2018-04-30,10739.349609375
2018-05-02,10718.0498046875
2018-05-03,10679.650390625
2018-05-04,10618.25
2018-05-07,10715.5
2018-05-08,10717.7998046875
2018-05-09,10741.7001953125
2018-05-10,10716.5498046875
2018-05-11,10806.5
2018-05-14,10806.599609375
2018-05-15,10801.849609375
2018-05-16,10741.099609375
2018-05-17,10682.7001953125
2018-05-18,10596.400390625
2018-05-21,10516.7001953125
2018-05-22,10536.7001953125
2018-05-23,10430.349609375
2018-05-24,10513.849609375
2018-05-25,10605.150390625
2018-05-28,10688.650390625
2018-05-29,10633.2998046875
2018-05-30,10614.349609375
2018-05-31,10736.150390625
2018-06-01,10696.2001953125
2018-06-04,10628.5
2018-06-05,10593.150390625
2018-06-06,10684.650390625
2018-06-07,10768.349609375
2018-06-08,10767.650390625
2018-06-11,10786.9501953125
2018-06-12,10842.849609375
2018-06-13,10856.7001953125
2018-06-14,10808.0498046875
2018-06-15,10817.7001953125
2018-06-18,10799.849609375
2018-06-19,10710.4501953125
2018-06-20,10772.0498046875
2018-06-21,10741.099609375
2018-06-22,10821.849609375
2018-06-25,10762.4501953125
2018-06-26,10769.150390625
2018-06-27,10671.400390625
2018-06-28,10589.099609375
2018-06-29,10714.2998046875
2018-07-02,10657.2998046875
2018-07-03,10699.900390625
2018-07-04,10769.900390625
2018-07-05,10749.75
2018-07-06,10772.650390625
2018-07-09,10852.900390625
2018-07-10,10947.25
2018-07-11,10948.2998046875
2018-07-12,11023.2001953125
2018-07-13,11018.900390625
2018-07-16,10936.849609375
2018-07-17,11008.0498046875
2018-07-18,10980.4501953125
2018-07-19,10957.099609375
2018-07-20,11010.2001953125
2018-07-23,11084.75
2018-07-24,11134.2998046875
2018-07-25,11132.0
2018-07-26,11167.2998046875
2018-07-27,11278.349609375
2018-07-30,11319.5498046875
2018-07-31,11356.5
2018-08-01,11346.2001953125
2018-08-02,11244.7001953125
2018-08-03,11360.7998046875
2018-08-06,11387.099609375
2018-08-07,11389.4501953125
2018-08-08,11450.0
2018-08-09,11470.7001953125
2018-08-10,11429.5
2018-08-13,11355.75
2018-08-14,11435.099609375
2018-08-16,11385.0498046875
2018-08-17,11470.75
2018-08-20,11551.75
2018-08-21,11570.900390625
2018-08-23,11582.75
2018-08-24,11557.099609375
2018-08-27,11691.9501953125
2018-08-28,11738.5
2018-08-29,11691.900390625
2018-08-30,11676.7998046875
2018-08-31,11680.5
2018-09-03,11582.349609375
2018-09-04,11520.2998046875
2018-09-05,11476.9501953125
2018-09-06,11536.900390625
2018-09-07,11589.099609375
2018-09-10,11438.099609375
2018-09-11,11287.5
2018-09-12,11369.900390625
2018-09-14,11515.2001953125
2018-09-17,11377.75
2018-09-18,11278.900390625
2018-09-19,11234.349609375
2018-09-21,11143.099609375
2018-09-24,10967.400390625
2018-09-25,11067.4501953125
2018-09-26,11053.7998046875
2018-09-27,10977.5498046875
2018-09-28,10930.4501953125
2018-10-01,11008.2998046875
2018-10-03,10858.25
2018-10-04,10599.25
2018-10-05,10316.4501953125
2018-10-08,10348.0498046875
2018-10-09,10301.0498046875
2018-10-10,10460.099609375
2018-10-11,10234.650390625
2018-10-12,10472.5
2018-10-15,10512.5
2018-10-16,10584.75
2018-10-17,10453.0498046875
2018-10-19,10303.5498046875
2018-10-22,10245.25
2018-10-23,10146.7998046875
2018-10-24,10224.75
2018-10-25,10124.900390625
2018-10-26,10030.0
2018-10-29,10250.849609375
2018-10-30,10198.400390625
2018-10-31,10386.599609375
2018-11-01,10380.4501953125
2018-11-02,10553.0
2018-11-05,10524.0
2018-11-06,10530.0
2018-11-07,10598.400390625
2018-11-09,10585.2001953125
2018-11-12,10482.2001953125
2018-11-13,10582.5
2018-11-14,10576.2998046875
2018-11-15,10616.7001953125
2018-11-16,10682.2001953125
2018-11-19,10763.400390625
2018-11-20,10656.2001953125
2018-11-21,10600.0498046875
2018-11-22,10526.75
2018-11-26,10628.599609375
2018-11-27,10685.599609375
2018-11-28,10728.849609375
2018-11-29,10858.7001953125
2018-11-30,10876.75
2018-12-03,10883.75
2018-12-04,10869.5
2018-12-05,10782.900390625
2018-12-06,10601.150390625
2018-12-07,10693.7001953125
2018-12-10,10488.4501953125
2018-12-11,10549.150390625
2018-12-12,10737.599609375
2018-12-13,10791.5498046875
2018-12-14,10805.4501953125
2018-12-17,10888.349609375
2018-12-18,10908.7001953125
2018-12-19,10967.2998046875
2018-12-20,10951.7001953125
2018-12-21,10754.0
2018-12-24,10663.5
2018-12-26,10729.849609375
2018-12-27,10779.7998046875
2018-12-28,10859.900390625
2018-12-31,10862.5498046875
2019-01-02,10792.5
2019-01-03,10672.25
2019-01-04,10727.349609375
2019-01-07,10771.7998046875
2019-01-08,10802.150390625
2019-01-09,10855.150390625
2019-01-10,10821.599609375
2019-01-11,10794.9501953125
2019-01-14,10737.599609375
2019-01-15,10886.7998046875
2019-01-16,10890.2998046875
2019-01-17,10905.2001953125
2019-01-18,10906.9501953125
2019-01-21,10961.849609375
2019-01-22,10922.75
2019-01-23,10831.5
2019-01-24,10849.7998046875
2019-01-25,10780.5498046875
2019-01-28,10661.5498046875
2019-01-29,10652.2001953125
2019-01-30,10651.7998046875
2019-01-31,10830.9501953125
2019-02-01,10893.650390625
2019-02-04,10912.25
2019-02-05,10934.349609375
2019-02-06,11062.4501953125
2019-02-07,11069.400390625
2019-02-08,10943.599609375
2019-02-11,10888.7998046875
2019-02-12,10831.400390625
2019-02-14,10746.0498046875
2019-02-15,10724.400390625
2019-02-18,10640.9501953125
2019-02-19,10604.349609375
2019-02-20,10735.4501953125
2019-02-21,10789.849609375
2019-02-22,10791.650390625
2019-02-25,10880.099609375
2019-02-26,10835.2998046875
2019-02-27,10806.650390625
2019-02-28,10792.5
2019-03-01,10863.5
2019-03-05,10987.4501953125
2019-03-06,11053.0
2019-03-07,11058.2001953125
2019-03-08,11035.400390625
2019-03-11,11168.0498046875
2019-03-12,11301.2001953125
2019-03-13,11341.7001953125
2019-03-14,11343.25
2019-03-15,11426.849609375
2019-03-18,11462.2001953125
2019-03-19,11532.400390625
2019-03-20,11521.0498046875
2019-03-22,11456.900390625
2019-03-25,11354.25
2019-03-26,11483.25
2019-03-27,11445.0498046875
2019-03-28,11570.0
2019-04-01,11669.150390625
2019-04-02,11713.2001953125
2019-04-03,11643.9501953125
2019-04-04,11598.0
2019-04-05,11665.9501953125
2019-04-08,11604.5
2019-04-09,11671.9501953125
2019-04-10,11584.2998046875
2019-04-11,11596.7001953125
2019-04-12,11643.4501953125
2019-04-15,11690.349609375
2019-04-16,11787.150390625
2019-04-18,11752.7998046875
2019-04-22,11594.4501953125
2019-04-23,11575.9501953125
2019-04-24,11726.150390625
2019-04-25,11641.7998046875
2019-04-26,11754.650390625
2019-04-30,11748.150390625
2019-05-02,11724.75
2019-05-03,11712.25
2019-05-06,11598.25
2019-05-07,11497.900390625
2019-05-08,11359.4501953125
2019-05-09,11301.7998046875
2019-05-10,11278.900390625
2019-05-13,11148.2001953125
2019-05-14,11222.0498046875
2019-05-15,11157.0
2019-05-16,11257.099609375
2019-05-17,11407.150390625
2019-05-20,11828.25
2019-05-21,11709.099609375
2019-05-22,11737.900390625
2019-05-23,11657.0498046875
2019-05-24,11844.099609375
2019-05-27,11924.75
2019-05-28,11928.75
2019-05-29,11861.099609375
2019-05-30,11945.900390625
2019-05-31,11922.7998046875
2019-06-03,12088.5498046875
2019-06-04,12021.650390625
2019-06-06,11843.75
2019-06-07,11870.650390625
2019-06-10,11922.7001953125
2019-06-11,11965.599609375
2019-06-12,11906.2001953125
2019-06-13,11914.0498046875
2019-06-14,11823.2998046875
2019-06-17,11672.150390625
2019-06-18,11691.5
2019-06-19,11691.4501953125
2019-06-20,11831.75
2019-06-21,11724.099609375
2019-06-24,11699.650390625
2019-06-25,11796.4501953125
2019-06-26,11847.5498046875
2019-06-27,11841.5498046875
2019-06-28,11788.849609375
2019-07-01,11865.599609375
2019-07-02,11910.2998046875
2019-07-03,11916.75
2019-07-04,11946.75
2019-07-05,11811.150390625
2019-07-08,11558.599609375
2019-07-09,11555.900390625
2019-07-10,11498.900390625
2019-07-11,11582.900390625
2019-07-12,11552.5
2019-07-15,11588.349609375
2019-07-16,11662.599609375
2019-07-17,11687.5
2019-07-18,11596.900390625
2019-07-19,11419.25
2019-07-22,11346.2001953125
2019-07-23,11331.0498046875
2019-07-24,11271.2998046875
2019-07-25,11252.150390625
2019-07-26,11284.2998046875
2019-07-29,11189.2001953125
2019-07-30,11085.400390625
2019-07-31,11118.0
2019-08-01,10980.0
2019-08-02,10997.349609375
2019-08-05,10862.599609375
2019-08-06,10948.25
2019-08-07,10855.5
2019-08-08,11032.4501953125
2019-08-09,11109.650390625
2019-08-13,10925.849609375
2019-08-14,11029.400390625
2019-08-16,11047.7998046875
2019-08-19,11053.900390625
2019-08-20,11017.0
2019-08-21,10918.7001953125
2019-08-22,10741.349609375
2019-08-23,10829.349609375
2019-08-26,11057.849609375
2019-08-27,11105.349609375
2019-08-28,11046.099609375
2019-08-29,10948.2998046875
2019-08-30,11023.25
2019-09-03,10797.900390625
2019-09-04,10844.650390625
2019-09-05,10847.900390625
2019-09-06,10946.2001953125
2019-09-09,11003.0498046875
2019-09-11,11035.7001953125
2019-09-12,10982.7998046875
2019-09-13,11075.900390625
2019-09-16,11003.5
2019-09-17,10817.599609375
2019-09-18,10840.650390625
2019-09-19,10704.7998046875
2019-09-20,11274.2001953125
2019-09-23,11600.2001953125
2019-09-24,11588.2001953125
2019-09-25,11440.2001953125
2019-09-26,11571.2001953125
2019-09-27,11512.400390625
2019-09-30,11474.4501953125
2019-10-01,11359.900390625
2019-10-03,11314.0
2019-10-04,11174.75
2019-10-07,11126.400390625
2019-10-09,11313.2998046875
2019-10-10,11234.5498046875
2019-10-11,11305.0498046875
2019-10-14,11341.150390625
2019-10-15,11428.2998046875
2019-10-16,11464.0
2019-10-17,11586.349609375
2019-10-18,11661.849609375
2019-10-22,11588.349609375
2019-10-23,11604.099609375
2019-10-24,11582.599609375
2019-10-25,11583.900390625
2019-10-29,11786.849609375
2019-10-30,11844.099609375
2019-10-31,11877.4501953125
2019-11-01,11890.599609375
2019-11-04,11941.2998046875
2019-11-05,11917.2001953125
2019-11-06,11966.0498046875
2019-11-07,12012.0498046875
2019-11-08,11908.150390625
2019-11-11,11913.4501953125
2019-11-13,11840.4501953125
2019-11-14,11872.099609375
2019-11-15,11895.4501953125
2019-11-18,11884.5
2019-11-19,11940.099609375
2019-11-20,11999.099609375
2019-11-21,11968.400390625
2019-11-22,11914.400390625
2019-11-25,12073.75
2019-11-26,12037.7001953125
2019-11-27,12100.7001953125
2019-11-28,12151.150390625
2019-11-29,12056.0498046875
2019-12-02,12048.2001953125
2019-12-03,11994.2001953125
2019-12-04,12043.2001953125
2019-12-05,12018.400390625
2019-12-06,11921.5
2019-12-09,11937.5
2019-12-10,11856.7998046875
2019-12-11,11910.150390625
2019-12-12,11971.7998046875
2019-12-13,12086.7001953125
2019-12-16,12053.9501953125
2019-12-17,12165.0
2019-12-18,12221.650390625
2019-12-19,12259.7001953125
2019-12-20,12271.7998046875
2019-12-23,12262.75
2019-12-24,12214.5498046875
2019-12-26,12126.5498046875
2019-12-27,12245.7998046875
2019-12-30,12255.849609375
2019-12-31,12168.4501953125
2020-01-01,12182.5
2020-01-02,12282.2001953125
2020-01-03,12226.650390625
2020-01-06,11993.0498046875
2020-01-07,12052.9501953125
2020-01-08,12025.349609375
2020-01-09,12215.900390625
2020-01-10,12256.7998046875
2020-01-13,12329.5498046875
2020-01-14,12362.2998046875
2020-01-15,12343.2998046875
2020-01-16,12355.5
2020-01-17,12352.349609375
2020-01-20,12224.5498046875
2020-01-21,12169.849609375
2020-01-22,12106.900390625
2020-01-23,12180.349609375
2020-01-24,12248.25
2020-01-27,12119.0
2020-01-28,12055.7998046875
2020-01-29,12129.5
2020-01-30,12035.7998046875
2020-01-31,11962.099609375
2020-02-03,11707.900390625
2020-02-04,11979.650390625
2020-02-05,12089.150390625
2020-02-06,12137.9501953125
2020-02-07,12098.349609375
2020-02-10,12031.5
2020-02-11,12107.900390625
2020-02-12,12201.2001953125
2020-02-13,12174.650390625
2020-02-14,12113.4501953125
2020-02-17,12045.7998046875
2020-02-18,11992.5
2020-02-19,12125.900390625
2020-02-20,12080.849609375
2020-02-24,11829.400390625
2020-02-25,11797.900390625
2020-02-26,11678.5
2020-02-27,11633.2998046875
2020-02-28,11201.75
2020-03-02,11132.75
2020-03-03,11303.2998046875
2020-03-04,11251.0
2020-03-05,11269.0
2020-03-06,10989.4501953125
2020-03-09,10451.4501953125
2020-03-11,10458.400390625
2020-03-12,9590.150390625
2020-03-13,9955.2001953125
2020-03-16,9197.400390625
2020-03-17,8967.0498046875
2020-03-18,8468.7998046875
2020-03-19,8263.4501953125
2020-03-20,8745.4501953125
2020-03-23,7610.25
2020-03-24,7801.0498046875
2020-03-25,8317.849609375
2020-03-26,8641.4501953125
2020-03-27,8660.25
2020-03-30,8281.099609375
2020-03-31,8597.75
2020-04-01,8253.7998046875
2020-04-03,8083.7998046875
2020-04-07,8792.2001953125
2020-04-08,8748.75
2020-04-09,9111.900390625
2020-04-13,8993.849609375
2020-04-15,8925.2998046875
2020-04-16,8992.7998046875
2020-04-17,9266.75
2020-04-20,9261.849609375
2020-04-21,8981.4501953125
2020-04-22,9187.2998046875
2020-04-23,9313.900390625
2020-04-24,9154.400390625
2020-04-27,9282.2998046875
2020-04-28,9380.900390625
2020-04-29,9553.349609375
2020-04-30,9859.900390625
2020-05-04,9293.5
2020-05-05,9205.599609375
2020-05-06,9270.900390625
2020-05-07,9199.0498046875
2020-05-08,9251.5
2020-05-11,9239.2001953125
2020-05-12,9196.5498046875
2020-05-13,9383.5498046875
2020-05-14,9142.75
2020-05-15,9136.849609375
2020-05-18,8823.25
2020-05-19,8879.099609375
2020-05-20,9066.5498046875
2020-05-21,9106.25
2020-05-22,9039.25
2020-05-26,9029.0498046875
2020-05-27,9314.9501953125
2020-05-28,9490.099609375
2020-05-29,9580.2998046875
2020-06-01,9826.150390625
2020-06-02,9979.099609375
2020-06-03,10061.5498046875
2020-06-04,10029.099609375
2020-06-05,10142.150390625
2020-06-08,10167.4501953125
2020-06-09,10046.650390625
2020-06-10,10116.150390625
2020-06-11,9902.0
2020-06-12,9972.900390625
2020-06-15,9813.7001953125
2020-06-16,9914.0
2020-06-17,9881.150390625
2020-06-18,10091.650390625
2020-06-19,10244.400390625
2020-06-22,10311.2001953125
2020-06-23,10471.0
2020-06-24,10305.2998046875
2020-06-25,10288.900390625
2020-06-26,10383.0
2020-06-29,10312.400390625
2020-06-30,10302.099609375
2020-07-01,10430.0498046875
2020-07-02,10551.7001953125
2020-07-03,10607.349609375
2020-07-06,10763.650390625
2020-07-07,10799.650390625
2020-07-08,10705.75
2020-07-09,10813.4501953125
2020-07-10,10768.0498046875
2020-07-13,10802.7001953125
2020-07-14,10607.349609375
2020-07-15,10618.2001953125
2020-07-16,10739.9501953125
2020-07-17,10901.7001953125
2020-07-20,11022.2001953125
2020-07-21,11162.25
2020-07-22,11132.599609375
2020-07-23,11215.4501953125
2020-07-24,11194.150390625
2020-07-27,11131.7998046875
2020-07-28,11300.5498046875
2020-07-29,11202.849609375
2020-07-30,11102.150390625
2020-07-31,11073.4501953125
2020-08-03,10891.599609375
2020-08-04,11095.25
2020-08-05,11101.650390625
2020-08-06,11200.150390625
2020-08-07,11214.0498046875
2020-08-10,11270.150390625
2020-08-11,11322.5
2020-08-12,11308.400390625
2020-08-13,11300.4501953125
2020-08-14,11178.400390625
2020-08-17,11247.099609375
2020-08-18,11385.349609375
2020-08-19,11408.400390625
2020-08-20,11312.2001953125
2020-08-21,11371.599609375
2020-08-24,11466.4501953125
2020-08-25,11472.25
2020-08-26,11549.599609375
2020-08-27,11559.25
2020-08-28,11647.599609375
2020-08-31,11387.5
2020-09-01,11470.25
2020-09-02,11535.0
2020-09-03,11527.4501953125
2020-09-04,11333.849609375
2020-09-07,11355.0498046875
2020-09-08,11317.349609375
2020-09-09,11278.0
2020-09-10,11449.25
2020-09-11,11464.4501953125
2020-09-14,11440.0498046875
2020-09-15,11521.7998046875
2020-09-16,11604.5498046875
2020-09-17,11516.099609375
2020-09-18,11504.9501953125
2020-09-21,11250.5498046875
2020-09-22,11153.650390625
2020-09-23,11131.849609375
2020-09-24,10805.5498046875
2020-09-25,11050.25
2020-09-28,11227.5498046875
2020-09-29,11222.400390625
2020-09-30,11247.5498046875
2020-10-01,11416.9501953125
2020-10-05,11503.349609375
2020-10-06,11662.400390625
2020-10-07,11738.849609375
2020-10-08,11834.599609375
2020-10-09,11914.2001953125
2020-10-12,11930.9501953125
2020-10-13,11934.5
2020-10-14,11971.0498046875
2020-10-15,11680.349609375
2020-10-16,11762.4501953125
2020-10-19,11873.0498046875
2020-10-20,11896.7998046875
2020-10-21,11937.650390625
2020-10-22,11896.4501953125
2020-10-23,11930.349609375
2020-10-26,11767.75
2020-10-27,11889.400390625
2020-10-28,11729.599609375
2020-10-29,11670.7998046875
2020-10-30,11642.400390625
2020-11-02,11669.150390625
2020-11-03,11813.5
2020-11-04,11908.5
2020-11-05,12120.2998046875
2020-11-06,12263.5498046875
2020-11-09,12461.0498046875
2020-11-10,12631.099609375
2020-11-11,12749.150390625
2020-11-12,12690.7998046875
2020-11-13,12719.9501953125
2020-11-17,12874.2001953125
2020-11-18,12938.25
2020-11-19,12771.7001953125
2020-11-20,12859.0498046875
2020-11-23,12926.4501953125
2020-11-24,13055.150390625
2020-11-25,12858.400390625
2020-11-26,12987.0
2020-11-27,12968.9501953125
2020-12-01,13109.0498046875
2020-12-02,13113.75
2020-12-03,13133.900390625
2020-12-04,13258.5498046875
2020-12-07,13355.75
2020-12-08,13392.9501953125
2020-12-09,13529.099609375
2020-12-10,13478.2998046875
2020-12-11,13513.849609375
2020-12-14,13558.150390625
2020-12-15,13567.849609375
2020-12-16,13682.7001953125
2020-12-17,13740.7001953125
2020-12-18,13760.5498046875
2020-12-21,13328.400390625
2020-12-22,13466.2998046875
2020-12-23,13601.099609375
2020-12-24,13749.25
2020-12-28,13873.2001953125
2020-12-29,13932.599609375
2020-12-30,13981.9501953125
2020-12-31,13981.75
2021-01-01,14018.5
2021-01-04,14132.900390625
2021-01-05,14199.5
2021-01-06,14146.25
2021-01-07,14137.349609375
2021-01-08,14347.25
2021-01-11,14484.75
2021-01-12,14563.4501953125
2021-01-13,14564.849609375
2021-01-14,14595.599609375
2021-01-15,14433.7001953125
2021-01-18,14281.2998046875
2021-01-19,14521.150390625
2021-01-20,14644.7001953125
2021-01-21,14590.349609375
2021-01-22,14371.900390625
2021-01-25,14238.900390625
2021-01-27,13967.5
2021-01-28,13817.5498046875
2021-01-29,13634.599609375
2021-02-01,14281.2001953125
2021-02-02,14647.849609375
2021-02-03,14789.9501953125
2021-02-04,14895.650390625
2021-02-05,14924.25
2021-02-08,15115.7998046875
2021-02-09,15109.2998046875
2021-02-10,15106.5
2021-02-11,15173.2998046875
2021-02-12,15163.2998046875
2021-02-15,15314.7001953125
2021-02-16,15313.4501953125
2021-02-17,15208.900390625
2021-02-18,15118.9501953125
2021-02-19,14981.75
2021-02-22,14675.7001953125
2021-02-23,14707.7998046875
2021-02-24,14982.0
2021-02-25,15097.349609375
2021-02-26,14529.150390625
2021-03-01,14761.5498046875
2021-03-02,14919.099609375
2021-03-03,15245.599609375
2021-03-04,15080.75
2021-03-05,14938.099609375
2021-03-08,14956.2001953125
2021-03-09,15098.400390625
2021-03-10,15174.7998046875
2021-03-12,15030.9501953125
2021-03-15,14929.5
2021-03-16,14910.4501953125
2021-03-17,14721.2998046875
2021-03-18,14557.849609375
2021-03-19,14744.0
2021-03-22,14736.400390625
2021-03-23,14814.75
2021-03-24,14549.400390625
2021-03-25,14324.900390625
2021-03-26,14507.2998046875
2021-03-30,14845.099609375
2021-03-31,14690.7001953125
2021-04-01,14867.349609375
2021-04-05,14637.7998046875
2021-04-06,14683.5
2021-04-07,14819.0498046875
2021-04-08,14873.7998046875
2021-04-09,14834.849609375
2021-04-12,14310.7998046875
2021-04-13,14504.7998046875
2021-04-15,14581.4501953125
2021-04-16,14617.849609375
2021-04-19,14359.4501953125
2021-04-20,14296.400390625
2021-04-22,14406.150390625
2021-04-23,14341.349609375
2021-04-26,14485.0
2021-04-27,14653.0498046875
2021-04-28,14864.5498046875
2021-04-29,14894.900390625
2021-04-30,14631.099609375
2021-05-03,14634.150390625
2021-05-04,14496.5
2021-05-05,14617.849609375
2021-05-06,14724.7998046875
2021-05-07,14823.150390625
2021-05-10,14942.349609375
2021-05-11,14850.75
2021-05-12,14696.5
2021-05-14,14677.7998046875
2021-05-17,14923.150390625
2021-05-18,15108.099609375
2021-05-19,15030.150390625
2021-05-20,14906.0498046875
2021-05-21,15175.2998046875
2021-05-24,15197.7001953125
2021-05-25,15208.4501953125
2021-05-26,15301.4501953125
2021-05-27,15337.849609375
2021-05-28,15435.650390625
2021-05-31,15582.7998046875
2021-06-01,15574.849609375
2021-06-02,15576.2001953125
2021-06-03,15690.349609375
2021-06-04,15670.25
2021-06-07,15751.650390625
2021-06-08,15740.099609375
2021-06-09,15635.349609375
2021-06-10,15737.75
2021-06-11,15799.349609375
2021-06-14,15811.849609375
2021-06-15,15869.25
2021-06-16,15767.5498046875
2021-06-17,15691.400390625
2021-06-18,15683.349609375
2021-06-21,15746.5
2021-06-22,15772.75
2021-06-23,15686.9501953125
2021-06-24,15790.4501953125
2021-06-25,15860.349609375
2021-06-28,15814.7001953125
2021-06-29,15748.4501953125
2021-06-30,15721.5
2021-07-01,15680.0
2021-07-02,15722.2001953125
2021-07-05,15834.349609375
2021-07-06,15818.25
2021-07-07,15879.650390625
2021-07-08,15727.900390625
2021-07-09,15689.7998046875
2021-07-12,15692.599609375
2021-07-13,15812.349609375
2021-07-14,15853.9501953125
2021-07-15,15924.2001953125
2021-07-16,15923.400390625
2021-07-19,15752.400390625
2021-07-20,15632.099609375
2021-07-22,15824.0498046875
2021-07-23,15856.0498046875
2021-07-26,15824.4501953125
2021-07-27,15746.4501953125
2021-07-28,15709.400390625
2021-07-29,15778.4501953125
2021-07-30,15763.0498046875
2021-08-02,15885.150390625
2021-08-03,16130.75
2021-08-04,16258.7998046875
2021-08-05,16294.599609375
2021-08-06,16238.2001953125
2021-08-09,16258.25
2021-08-10,16280.099609375
2021-08-11,16282.25
2021-08-12,16364.400390625
2021-08-13,16529.099609375
2021-08-16,16563.05078125
2021-08-17,16614.599609375
2021-08-18,16568.849609375
2021-08-20,16450.5
2021-08-23,16496.44921875
2021-08-24,16624.599609375
2021-08-25,16634.650390625
2021-08-26,16636.900390625
2021-08-27,16705.19921875
2021-08-30,16931.05078125
2021-08-31,17132.19921875
2021-09-01,17076.25
2021-09-02,17234.150390625
2021-09-03,17323.599609375
2021-09-06,17377.80078125
2021-09-07,17362.099609375
2021-09-08,17353.5
2021-09-09,17369.25
2021-09-13,17355.30078125
2021-09-14,17380.0
2021-09-15,17519.44921875
2021-09-16,17629.5
2021-09-17,17585.150390625
2021-09-20,17396.900390625
2021-09-21,17562.0
2021-09-22,17546.650390625
2021-09-23,17822.94921875
2021-09-24,17853.19921875
2021-09-27,17855.099609375
2021-09-28,17748.599609375
2021-09-29,17711.30078125
2021-09-30,17618.150390625
2021-10-01,17532.05078125
2021-10-04,17691.25
2021-10-05,17822.30078125
2021-10-06,17646.0
2021-10-07,17790.349609375
2021-10-08,17895.19921875
2021-10-11,17945.94921875
2021-10-12,17991.94921875
2021-10-13,18161.75
2021-10-14,18338.55078125
2021-10-18,18477.05078125
2021-10-19,18418.75
2021-10-20,18266.599609375
2021-10-21,18178.099609375
2021-10-22,18114.900390625
2021-10-25,18125.400390625
2021-10-26,18268.400390625
2021-10-27,18210.94921875
2021-10-28,17857.25
2021-10-29,17671.650390625
2021-11-01,17929.650390625
2021-11-02,17888.94921875
2021-11-03,17829.19921875
2021-11-04,17916.80078125
2021-11-08,18068.55078125
2021-11-09,18044.25
2021-11-10,18017.19921875
2021-11-11,17873.599609375
2021-11-12,18102.75
2021-11-15,18109.44921875
2021-11-16,17999.19921875
2021-11-17,17898.650390625
2021-11-18,17764.80078125
2021-11-22,17416.55078125
2021-11-23,17503.349609375
2021-11-24,17415.05078125
2021-11-25,17536.25
2021-11-26,17026.44921875
2021-11-29,17053.94921875
2021-11-30,16983.19921875
2021-12-01,17166.900390625
2021-12-02,17401.650390625
2021-12-03,17196.69921875
2021-12-06,16912.25
2021-12-07,17176.69921875
2021-12-08,17469.75
2021-12-09,17516.849609375
2021-12-10,17511.30078125
2021-12-13,17368.25
2021-12-14,17324.900390625
2021-12-15,17221.400390625
2021-12-16,17248.400390625
2021-12-17,16985.19921875
2021-12-20,16614.19921875
2021-12-21,16770.849609375
2021-12-22,16955.44921875
2021-12-23,17072.599609375
2021-12-24,17003.75
2021-12-27,17086.25
2021-12-28,17233.25
2021-12-29,17213.599609375
2021-12-30,17203.94921875
2021-12-31,17354.05078125
2022-01-03,17625.69921875
2022-01-04,17805.25
2022-01-05,17925.25
2022-01-06,17745.900390625
2022-01-07,17812.69921875
2022-01-10,18003.30078125
2022-01-11,18055.75
2022-01-12,18212.349609375
2022-01-13,18257.80078125
2022-01-14,18255.75
2022-01-17,18308.099609375
2022-01-18,18113.05078125
2022-01-19,17938.400390625
2022-01-20,17757.0
2022-01-21,17617.150390625
2022-01-24,17149.099609375
2022-01-25,17277.94921875
2022-01-27,17110.150390625
2022-01-28,17101.94921875
2022-01-31,17339.849609375
2022-02-01,17576.849609375
2022-02-02,17780.0
2022-02-03,17560.19921875
2022-02-04,17516.30078125
2022-02-07,17213.599609375
2022-02-08,17266.75
2022-02-09,17463.80078125
2022-02-10,17605.849609375
2022-02-11,17374.75
2022-02-14,16842.80078125
2022-02-15,17352.44921875
2022-02-16,17322.19921875
2022-02-17,17304.599609375
2022-02-18,17276.30078125
2022-02-21,17206.650390625
2022-02-22,17092.19921875
2022-02-23,17063.25
2022-02-24,16247.9501953125
2022-02-25,16658.400390625
2022-02-28,16793.900390625
2022-03-02,16605.94921875
2022-03-03,16498.05078125
2022-03-04,16245.349609375
2022-03-07,15863.150390625
2022-03-08,16013.4501953125
2022-03-09,16345.349609375
2022-03-10,16594.900390625
2022-03-11,16630.44921875
2022-03-14,16871.30078125
2022-03-15,16663.0
2022-03-16,16975.349609375
2022-03-17,17287.05078125
2022-03-21,17117.599609375
2022-03-22,17315.5
2022-03-23,17245.650390625
2022-03-24,17222.75
2022-03-25,17153.0
2022-03-28,17222.0
2022-03-29,17325.30078125
2022-03-30,17498.25
2022-03-31,17464.75
2022-04-01,17670.44921875
2022-04-04,18053.400390625
2022-04-05,17957.400390625
2022-04-06,17807.650390625
2022-04-07,17639.55078125
2022-04-08,17784.349609375
2022-04-11,17674.94921875
2022-04-12,17530.30078125
2022-04-13,17475.650390625
2022-04-18,17173.650390625
2022-04-19,16958.650390625
2022-04-20,17136.55078125
2022-04-21,17392.599609375
2022-04-22,17171.94921875
2022-04-25,16953.94921875
2022-04-26,17200.80078125
2022-04-27,17038.400390625
2022-04-28,17245.05078125
2022-04-29,17102.55078125
2022-05-02,17069.099609375
2022-05-04,16677.599609375
2022-05-05,16682.650390625
2022-05-06,16411.25
2022-05-09,16301.849609375
2022-05-10,16240.0498046875
2022-05-11,16167.099609375
2022-05-12,15808.0
2022-05-13,15782.150390625
2022-05-16,15842.2998046875
2022-05-17,16259.2998046875
2022-05-18,16240.2998046875
2022-05-19,15809.400390625
2022-05-20,16266.150390625
2022-05-23,16214.7001953125
2022-05-24,16125.150390625
2022-05-25,16025.7998046875
2022-05-26,16170.150390625
2022-05-27,16352.4501953125
2022-05-30,16661.400390625
2022-05-31,16584.55078125
2022-06-01,16522.75
2022-06-02,16628.0
2022-06-03,16584.30078125
2022-06-06,16569.55078125
2022-06-07,16416.349609375
2022-06-08,16356.25
2022-06-09,16478.099609375
2022-06-10,16201.7998046875
2022-06-13,15774.400390625
2022-06-14,15732.099609375
2022-06-15,15692.150390625
2022-06-16,15360.599609375
2022-06-17,15293.5
2022-06-20,15350.150390625
2022-06-21,15638.7998046875
2022-06-22,15413.2998046875
2022-06-23,15556.650390625
2022-06-24,15699.25
2022-06-27,15832.0498046875
2022-06-28,15850.2001953125
2022-06-29,15799.099609375
2022-06-30,15780.25
2022-07-01,15752.0498046875
2022-07-04,15835.349609375
2022-07-05,15810.849609375
2022-07-06,15989.7998046875
2022-07-07,16132.900390625
2022-07-08,16220.599609375
2022-07-11,16216.0
2022-07-12,16058.2998046875
2022-07-13,15966.650390625
2022-07-14,15938.650390625
2022-07-15,16049.2001953125
2022-07-18,16278.5
2022-07-19,16340.5498046875
2022-07-20,16520.849609375
2022-07-21,16605.25
2022-07-22,16719.44921875
2022-07-25,16631.0
2022-07-26,16483.849609375
2022-07-27,16641.80078125
2022-07-28,16929.599609375
2022-07-29,17158.25
2022-08-01,17340.05078125
2022-08-02,17345.44921875
2022-08-03,17388.150390625
2022-08-04,17382.0
2022-08-05,17397.5
2022-08-08,17525.099609375
2022-08-10,17534.75
2022-08-11,17659.0
2022-08-12,17698.150390625
2022-08-16,17825.25
2022-08-17,17944.25
2022-08-18,17956.5
2022-08-19,17758.44921875
2022-08-22,17490.69921875
2022-08-23,17577.5
2022-08-24,17604.94921875
2022-08-25,17522.44921875
2022-08-26,17558.900390625
2022-08-29,17312.900390625
2022-08-30,17759.30078125
2022-09-01,17542.80078125
2022-09-02,17539.44921875
2022-09-05,17665.80078125
2022-09-06,17655.599609375
2022-09-07,17624.400390625
2022-09-08,17798.75
2022-09-09,17833.349609375
2022-09-12,17936.349609375
2022-09-13,18070.05078125
2022-09-14,18003.75
2022-09-15,17877.400390625
2022-09-16,17530.849609375
2022-09-19,17622.25
2022-09-20,17816.25
2022-09-21,17718.349609375
2022-09-22,17629.80078125
2022-09-23,17327.349609375
2022-09-26,17016.30078125
2022-09-27,17007.400390625
2022-09-28,16858.599609375
2022-09-29,16818.099609375
2022-09-30,17094.349609375
2022-10-03,16887.349609375
2022-10-04,17274.30078125
2022-10-06,17331.80078125
2022-10-07,17314.650390625
2022-10-10,17241.0
2022-10-11,16983.55078125
2022-10-12,17123.599609375
2022-10-13,17014.349609375
2022-10-14,17185.69921875
2022-10-17,17311.80078125
2022-10-18,17486.94921875
2022-10-19,17512.25
2022-10-20,17563.94921875
2022-10-21,17576.30078125
2022-10-24,17730.75
2022-10-25,17656.349609375
2022-10-27,17736.94921875
2022-10-28,17786.80078125
2022-10-31,18012.19921875
2022-11-01,18145.400390625
2022-11-02,18082.849609375
2022-11-03,18052.69921875
2022-11-04,18117.150390625
2022-11-07,18202.80078125
2022-11-09,18157.0
2022-11-10,18028.19921875
2022-11-11,18349.69921875
2022-11-14,18329.150390625
2022-11-15,18403.400390625
2022-11-16,18409.650390625
2022-11-17,18343.900390625
2022-11-18,18307.650390625
2022-11-21,18159.94921875
2022-11-22,18244.19921875
2022-11-23,18267.25
2022-11-24,18484.099609375
2022-11-25,18512.75
2022-11-28,18562.75
2022-11-29,18618.05078125
2022-11-30,18758.349609375
2022-12-01,18812.5
2022-12-02,18696.099609375
2022-12-05,18701.05078125
2022-12-06,18642.75
2022-12-07,18560.5
2022-12-08,18609.349609375
2022-12-09,18496.599609375
2022-12-12,18497.150390625
2022-12-13,18608.0
2022-12-14,18660.30078125
2022-12-15,18414.900390625
2022-12-16,18269.0
2022-12-19,18420.44921875
2022-12-20,18385.30078125
2022-12-21,18199.099609375
2022-12-22,18127.349609375
2022-12-23,17806.80078125
2022-12-26,18014.599609375
2022-12-27,18132.30078125
2022-12-28,18122.5
2022-12-29,18191.0
2022-12-30,18105.30078125
2023-01-02,18197.44921875
2023-01-03,18232.55078125
2023-01-04,18042.94921875
2023-01-05,17992.150390625
2023-01-06,17859.44921875
2023-01-09,18101.19921875
2023-01-10,17914.150390625
2023-01-11,17895.69921875
2023-01-12,17858.19921875
2023-01-13,17956.599609375
2023-01-16,17894.849609375
2023-01-17,18053.30078125
2023-01-18,18165.349609375
2023-01-19,18107.849609375
2023-01-20,18027.650390625
2023-01-23,18118.55078125
2023-01-24,18118.30078125
2023-01-25,17891.94921875
2023-01-27,17604.349609375
2023-01-30,17648.94921875
2023-01-31,17662.150390625
2023-02-01,17616.30078125
2023-02-02,17610.400390625
2023-02-03,17854.05078125
2023-02-06,17764.599609375
2023-02-07,17721.5
2023-02-08,17871.69921875
2023-02-09,17893.44921875
2023-02-10,17856.5
2023-02-13,17770.900390625
2023-02-14,17929.849609375
2023-02-15,18015.849609375
2023-02-16,18035.849609375
2023-02-17,17944.19921875
2023-02-20,17844.599609375
2023-02-21,17826.69921875
2023-02-22,17554.30078125
2023-02-23,17511.25
2023-02-24,17465.80078125
2023-02-27,17392.69921875
2023-02-28,17303.94921875
2023-03-01,17450.900390625
2023-03-02,17321.900390625
2023-03-03,17594.349609375
2023-03-06,17711.44921875
2023-03-08,17754.400390625
2023-03-09,17589.599609375
2023-03-10,17412.900390625
2023-03-13,17154.30078125
2023-03-14,17043.30078125
2023-03-15,16972.150390625
2023-03-16,16985.599609375
2023-03-17,17100.05078125
2023-03-20,16988.400390625
2023-03-21,17107.5
2023-03-22,17151.900390625
2023-03-23,17076.900390625
2023-03-24,16945.05078125
2023-03-27,16985.69921875
2023-03-28,16951.69921875
2023-03-29,17080.69921875
2023-03-31,17359.75
2023-04-03,17398.05078125
2023-04-05,17557.05078125
2023-04-06,17599.150390625
2023-04-10,17624.05078125
2023-04-11,17722.30078125
2023-04-12,17812.400390625
2023-04-13,17828.0
2023-04-17,17706.849609375
2023-04-18,17660.150390625
2023-04-19,17618.75
2023-04-20,17624.44921875
2023-04-21,17624.05078125
2023-04-24,17743.400390625
2023-04-25,17769.25
2023-04-26,17813.599609375
2023-04-27,17915.05078125
2023-04-28,18065.0
2023-05-02,18147.650390625
2023-05-03,18089.849609375
2023-05-04,18255.80078125
2023-05-05,18069.0
2023-05-08,18264.400390625
2023-05-09,18265.94921875
2023-05-10,18315.099609375
2023-05-11,18297.0
2023-05-12,18314.80078125
2023-05-15,18398.849609375
2023-05-16,18286.5
2023-05-17,18181.75
2023-05-18,18129.94921875
2023-05-19,18203.400390625
2023-05-22,18314.400390625
2023-05-23,18348.0
2023-05-24,18285.400390625
2023-05-25,18321.150390625
2023-05-26,18499.349609375
2023-05-29,18598.650390625
2023-05-30,18633.849609375
2023-05-31,18534.400390625
2023-06-01,18487.75
2023-06-02,18534.099609375
2023-06-05,18593.849609375
2023-06-06,18599.0
2023-06-07,18726.400390625
2023-06-08,18634.55078125
2023-06-09,18563.400390625
2023-06-12,18601.5
2023-06-13,18716.150390625
2023-06-14,18755.900390625
2023-06-15,18688.099609375
2023-06-16,18826.0
2023-06-19,18755.44921875
2023-06-20,18816.69921875
2023-06-21,18856.849609375
2023-06-22,18771.25
2023-06-23,18665.5
2023-06-26,18691.19921875
2023-06-27,18817.400390625
2023-06-28,18972.099609375
2023-06-30,19189.05078125
2023-07-03,19322.55078125
2023-07-04,19389.0
2023-07-05,19398.5
2023-07-06,19497.30078125
2023-07-07,19331.80078125
2023-07-10,19355.900390625
2023-07-11,19439.400390625
2023-07-12,19384.30078125
2023-07-13,19413.75
2023-07-14,19564.5
2023-07-17,19711.44921875
2023-07-18,19749.25
2023-07-19,19833.150390625
2023-07-20,19979.150390625
2023-07-21,19745.0
2023-07-24,19672.349609375
2023-07-25,19680.599609375
2023-07-26,19778.30078125
2023-07-27,19659.900390625
2023-07-28,19646.05078125
2023-07-31,19753.80078125
2023-08-01,19733.55078125
2023-08-02,19526.55078125
2023-08-03,19381.650390625
2023-08-04,19517.0
2023-08-07,19597.30078125
2023-08-08,19570.849609375
2023-08-09,19632.55078125
2023-08-10,19543.099609375
2023-08-11,19428.30078125
2023-08-14,19434.55078125
2023-08-16,19465.0
2023-08-17,19365.25
2023-08-18,19310.150390625
2023-08-21,19393.599609375
2023-08-22,19396.44921875
2023-08-23,19444.0
2023-08-24,19386.69921875
2023-08-25,19265.80078125
2023-08-28,19306.05078125
2023-08-29,19342.650390625
2023-08-30,19347.44921875
2023-08-31,19253.80078125
2023-09-01,19435.30078125
2023-09-04,19528.80078125
2023-09-05,19574.900390625
2023-09-06,19611.05078125
2023-09-07,19727.05078125
2023-09-08,19819.94921875
2023-09-11,19996.349609375
2023-09-12,19993.19921875
2023-09-13,20070.0
2023-09-14,20103.099609375
2023-09-15,20192.349609375
2023-09-18,20133.30078125
2023-09-20,19901.400390625
2023-09-21,19742.349609375
2023-09-22,19674.25
2023-09-25,19674.55078125
2023-09-26,19664.69921875
2023-09-27,19716.44921875
2023-09-28,19523.55078125
2023-09-29,19638.30078125
2023-10-03,19528.75
2023-10-04,19436.099609375
2023-10-05,19545.75
2023-10-06,19653.5
2023-10-09,19512.349609375
2023-10-10,19689.849609375
2023-10-11,19811.349609375
2023-10-12,19794.0
2023-10-13,19751.05078125
2023-10-16,19731.75
2023-10-17,19811.5
2023-10-18,19671.099609375
2023-10-19,19624.69921875
2023-10-20,19542.650390625
2023-10-23,19281.75
2023-10-25,19122.150390625
2023-10-26,18857.25
2023-10-27,19047.25
2023-10-30,19140.900390625
2023-10-31,19079.599609375
2023-11-01,18989.150390625
2023-11-02,19133.25
2023-11-03,19230.599609375
2023-11-06,19411.75
2023-11-07,19406.69921875
2023-11-08,19443.5
2023-11-09,19395.30078125
2023-11-10,19425.349609375
2023-11-13,19443.55078125
2023-11-15,19675.44921875
2023-11-16,19765.19921875
2023-11-17,19731.80078125
2023-11-20,19694.0
2023-11-21,19783.400390625
2023-11-22,19811.849609375
2023-11-23,19802.0
2023-11-24,19794.69921875
2023-11-28,19889.69921875
2023-11-29,20096.599609375
2023-11-30,20133.150390625
2023-12-01,20267.900390625
2023-12-04,20686.80078125
2023-12-05,20855.099609375
2023-12-06,20937.69921875
2023-12-07,20901.150390625
2023-12-08,20969.400390625
2023-12-11,20997.099609375
2023-12-12,20906.400390625
2023-12-13,20926.349609375
2023-12-14,21182.69921875
2023-12-15,21456.650390625
2023-12-18,21418.650390625
2023-12-19,21453.099609375
2023-12-20,21150.150390625
2023-12-21,21255.05078125
2023-12-22,21349.400390625
2023-12-26,21441.349609375
2023-12-27,21654.75
2023-12-28,21778.69921875
2023-12-29,21731.400390625
2024-01-01,21741.900390625
2024-01-02,21665.80078125
2024-01-03,21517.349609375
2024-01-04,21658.599609375
2024-01-05,21710.80078125
2024-01-08,21513.0
2024-01-09,21544.849609375
2024-01-10,21618.69921875
2024-01-11,21647.19921875
2024-01-12,21894.55078125
2024-01-15,22097.44921875
2024-01-16,22032.30078125
2024-01-17,21571.94921875
2024-01-18,21462.25
2024-01-19,21622.400390625
2024-01-23,21238.80078125
2024-01-24,21453.94921875
2024-01-25,21352.599609375
2024-01-29,21737.599609375
2024-01-30,21522.099609375
2024-01-31,21725.69921875
2024-02-01,21697.44921875
2024-02-02,21853.80078125
2024-02-05,21771.69921875
2024-02-06,21929.400390625
2024-02-07,21930.5
2024-02-08,21717.94921875
2024-02-09,21782.5
2024-02-12,21616.05078125
2024-02-13,21743.25
2024-02-14,21840.05078125
2024-02-15,21910.75
2024-02-16,22040.69921875
2024-02-19,22122.25
2024-02-20,22196.94921875
2024-02-21,22055.05078125
2024-02-22,22217.44921875
2024-02-23,22212.69921875
2024-02-26,22122.05078125
2024-02-27,22198.349609375
2024-02-28,21951.150390625
2024-02-29,21982.80078125
2024-03-01,22338.75
2024-03-04,22405.599609375
2024-03-05,22356.30078125
2024-03-06,22474.05078125
2024-03-07,22493.55078125
2024-03-11,22332.650390625
2024-03-12,22335.69921875
2024-03-13,21997.69921875
2024-03-14,22146.650390625
2024-03-15,22023.349609375
2024-03-18,22055.69921875
2024-03-19,21817.44921875
2024-03-20,21839.099609375
2024-03-21,22011.94921875
2024-03-22,22096.75
2024-03-26,22004.69921875
2024-03-27,22123.650390625
2024-03-28,22326.900390625
2024-04-01,22462.0
2024-04-02,22453.30078125
2024-04-03,22434.650390625
2024-04-04,22514.650390625
2024-04-05,22513.69921875
2024-04-08,22666.30078125
2024-04-09,22642.75
2024-04-10,22753.80078125
2024-04-12,22519.400390625
2024-04-15,22272.5
2024-04-16,22147.900390625
2024-04-18,21995.849609375
2024-04-19,22147.0
2024-04-22,22336.400390625
2024-04-23,22368.0
2024-04-24,22402.400390625
2024-04-25,22570.349609375
2024-04-26,22419.94921875
2024-04-29,22643.400390625
2024-04-30,22604.849609375
2024-05-02,22648.19921875
2024-05-03,22475.849609375
2024-05-06,22442.69921875
2024-05-07,22302.5
2024-05-08,22302.5
2024-05-09,21957.5
2024-05-10,22055.19921875
2024-05-13,22104.05078125
2024-05-14,22217.849609375
2024-05-15,22200.55078125
2024-05-16,22403.849609375
2024-05-17,22466.099609375
2024-05-21,22529.05078125
2024-05-22,22597.80078125
2024-05-23,22967.650390625
2024-05-24,22957.099609375
2024-05-27,22932.44921875
2024-05-28,22888.150390625
2024-05-29,22704.69921875
2024-05-30,22488.650390625
2024-05-31,22530.69921875
2024-06-03,23263.900390625
2024-06-04,21884.5
2024-06-05,22620.349609375
2024-06-06,22821.400390625
2024-06-07,23290.150390625
2024-06-10,23259.19921875
2024-06-11,23264.849609375
2024-06-12,23322.94921875
2024-06-13,23398.900390625
2024-06-14,23465.599609375
2024-06-18,23557.900390625
2024-06-19,23516.0
2024-06-20,23567.0
2024-06-21,23501.099609375
2024-06-24,23537.849609375
2024-06-25,23721.30078125
2024-06-26,23868.80078125
2024-06-27,24044.5
2024-06-28,24010.599609375
2024-07-01,24141.94921875
2024-07-02,24123.849609375
2024-07-03,24286.5
2024-07-04,24302.150390625
2024-07-05,24323.849609375
2024-07-08,24320.55078125
2024-07-09,24433.19921875
2024-07-10,24324.44921875
2024-07-11,24315.94921875
2024-07-12,24502.150390625
2024-07-15,24586.69921875
2024-07-16,24613.0
2024-07-18,24800.849609375
2024-07-19,24530.900390625
2024-07-22,24509.25
2024-07-23,24479.05078125
2024-07-24,24413.5
2024-07-25,24406.099609375
2024-07-26,24834.849609375
2024-07-29,24836.099609375
2024-07-30,24857.30078125
2024-07-31,24951.150390625
2024-08-01,25010.900390625
2024-08-02,24717.69921875
2024-08-05,24055.599609375
2024-08-06,23992.55078125
2024-08-07,24297.5
2024-08-08,24117.0
2024-08-09,24367.5
2024-08-12,24347.0
2024-08-13,24139.0
2024-08-14,24143.75
2024-08-16,24541.150390625
2024-08-19,24572.650390625
2024-08-20,24698.849609375
2024-08-21,24770.19921875
2024-08-22,24811.5
2024-08-23,24823.150390625
2024-08-26,25010.599609375
2024-08-27,25017.75
2024-08-28,25052.349609375
2024-08-29,25151.94921875
2024-08-30,25235.900390625
2024-09-02,25278.69921875
2024-09-03,25279.849609375
2024-09-04,25198.69921875
2024-09-05,25145.099609375
2024-09-06,24852.150390625
2024-09-09,24936.400390625
2024-09-10,25041.099609375
2024-09-11,24918.44921875
2024-09-12,25388.900390625
2024-09-13,25356.5
2024-09-16,25383.75
2024-09-17,25418.55078125
2024-09-18,25377.55078125
2024-09-19,25415.80078125
2024-09-20,25790.94921875
2024-09-23,25939.05078125
2024-09-24,25940.400390625
2024-09-25,26004.150390625
2024-09-26,26216.05078125
2024-09-27,26178.94921875
2024-09-30,25810.849609375
2024-10-01,25796.900390625
2024-10-03,25250.099609375
2024-10-04,25014.599609375
2024-10-07,24795.75
2024-10-08,25013.150390625
2024-10-09,24981.94921875
2024-10-10,24998.44921875
2024-10-11,24964.25
2024-10-14,25127.94921875
2024-10-15,25057.349609375
2024-10-16,24971.30078125
2024-10-17,24749.849609375
2024-10-18,24854.05078125
2024-10-21,24781.099609375
2024-10-22,24472.099609375
2024-10-23,24435.5
2024-10-24,24399.400390625
2024-10-25,24180.80078125
2024-10-28,24339.150390625
2024-10-29,24466.849609375
2024-10-30,24340.849609375
2024-10-31,24205.349609375
2024-11-01,24304.349609375
2024-11-04,23995.349609375
2024-11-05,24213.30078125
2024-11-06,24484.05078125
2024-11-07,24199.349609375
2024-11-08,24148.19921875
2024-11-11,24141.30078125
2024-11-12,23883.44921875
2024-11-13,23559.05078125
2024-11-14,23532.69921875
2024-11-18,23453.80078125
2024-11-19,23518.5
2024-11-21,23349.900390625
2024-11-22,23907.25
2024-11-25,24221.900390625
2024-11-26,24194.5
2024-11-27,24274.900390625
2024-11-28,23914.150390625
2024-11-29,24131.099609375
2024-12-02,24276.05078125
2024-12-03,24457.150390625
2024-12-04,24467.44921875
2024-12-05,24708.400390625
2024-12-06,24677.80078125
2024-12-09,24619.0
2024-12-10,24610.05078125
2024-12-11,24641.80078125
2024-12-12,24548.69921875
2024-12-13,24768.30078125
2024-12-16,24668.25
2024-12-17,24336.0
2024-12-18,24198.849609375
2024-12-19,23951.69921875
2024-12-20,23587.5
2024-12-23,23753.44921875
2024-12-24,23727.650390625
2024-12-26,23750.19921875
2024-12-27,23813.400390625
2024-12-30,23644.900390625
2024-12-31,23644.80078125
2025-01-01,23742.900390625
2025-01-02,24188.650390625
2025-01-03,24004.75
2025-01-06,23616.05078125
2025-01-07,23707.900390625
2025-01-08,23688.94921875
2025-01-09,23526.5
2025-01-10,23431.5
2025-01-13,23085.94921875
2025-01-14,23176.05078125
2025-01-15,23213.19921875
2025-01-16,23311.80078125
2025-01-17,23203.19921875
2025-01-20,23344.75
2025-01-21,23024.650390625
2025-01-22,23155.349609375
2025-01-23,23205.349609375
2025-01-24,23092.19921875
2025-01-27,22829.150390625
2025-01-28,22957.25
2025-01-29,23163.099609375
2025-01-30,23249.5
2025-01-31,23508.400390625
2025-02-01,23482.150390625
2025-02-03,23361.05078125
2025-02-04,23739.25
2025-02-05,23696.30078125
2025-02-06,23603.349609375
2025-02-07,23559.94921875
2025-02-10,23381.599609375
2025-02-11,23071.80078125
2025-02-12,23045.25
2025-02-13,23031.400390625
2025-02-14,22929.25
2025-02-17,22959.5
2025-02-18,22945.30078125
2025-02-19,22932.900390625
2025-02-20,22913.150390625
2025-02-21,22795.900390625
2025-02-24,22553.349609375
2025-02-25,22547.55078125
2025-02-27,22545.05078125
2025-02-28,22124.69921875
2025-03-03,22119.30078125
2025-03-04,22082.650390625
2025-03-05,22337.30078125
2025-03-06,22544.69921875
2025-03-07,22552.5
2025-03-10,22460.30078125
2025-03-11,22497.900390625
2025-03-12,22470.5
2025-03-13,22397.19921875
2025-03-17,22508.75
2025-03-18,22834.30078125
2025-03-19,22907.599609375
2025-03-20,23190.650390625
2025-03-21,23350.400390625
2025-03-24,23658.349609375
2025-03-25,23668.650390625
2025-03-26,23486.849609375
2025-03-27,23591.94921875
2025-03-28,23519.349609375
2025-04-01,23165.69921875
2025-04-02,23332.349609375
2025-04-03,23250.099609375
2025-04-04,22904.44921875
2025-04-07,22161.599609375
2025-04-08,22535.849609375
2025-04-09,22399.150390625
2025-04-11,22828.55078125
2025-04-15,23328.55078125
2025-04-16,23437.19921875
2025-04-17,23851.650390625
2025-04-21,24125.55078125
2025-04-22,24167.25
2025-04-23,24328.94921875
2025-04-24,24246.69921875
2025-04-25,24039.349609375
2025-04-28,24328.5
2025-04-29,24335.94921875
2025-04-30,24334.19921875
2025-05-02,24346.69921875
2025-05-05,24461.150390625
2025-05-06,24379.599609375
2025-05-07,24414.400390625
2025-05-08,24273.80078125
2025-05-09,24008.0
2025-05-12,24924.69921875
2025-05-13,24578.349609375
2025-05-14,24666.900390625
2025-05-15,25062.099609375
2025-05-16,25019.80078125
2025-05-19,24945.44921875
2025-05-20,24683.900390625
2025-05-21,24813.44921875
2025-05-22,24609.69921875
2025-05-23,24853.150390625
2025-05-26,25001.150390625
2025-05-27,24826.19921875
2025-05-28,24752.44921875
2025-05-29,24833.599609375
2025-05-30,24750.69921875
2025-06-02,24716.599609375
2025-06-03,24542.5
2025-06-04,24620.19921875
2025-06-05,24750.900390625
2025-06-06,25003.05078125
2025-06-09,25103.19921875
2025-06-10,25104.25
2025-06-11,25141.400390625
2025-06-12,24888.19921875
2025-06-13,24718.599609375
2025-06-16,24946.5
2025-06-17,24853.400390625
2025-06-18,24812.05078125
2025-06-19,24793.25
2025-06-20,25112.400390625
2025-06-23,24971.900390625
2025-06-24,25044.349609375
2025-06-25,25244.75
2025-06-26,25549.0
2025-06-27,25637.80078125
2025-06-30,25517.05078125
2025-07-01,25541.80078125
2025-07-02,25453.400390625
2025-07-03,25405.30078125
2025-07-04,25461.0
2025-07-07,25461.30078125
2025-07-08,25522.5
2025-07-09,25476.099609375
2025-07-10,25355.25
2025-07-11,25149.849609375
2025-07-14,25082.30078125
2025-07-15,25195.80078125
2025-07-16,25212.05078125
2025-07-17,25111.44921875
2025-07-18,24968.400390625
2025-07-21,25090.69921875
2025-07-22,25060.900390625
2025-07-23,25219.900390625
2025-07-24,25062.099609375
2025-07-25,24837.0
2025-07-28,24680.900390625
2025-07-29,24821.099609375
2025-07-30,24855.05078125
2025-07-31,24768.349609375
2025-08-01,24565.349609375
2025-08-04,24722.75
2025-08-05,24649.55078125
2025-08-06,24574.19921875
2025-08-07,24596.150390625
2025-08-08,24363.30078125
2025-08-11,24585.05078125
2025-08-12,24487.400390625
2025-08-13,24619.349609375
2025-08-14,24631.30078125
2025-08-18,24876.94921875
2025-08-19,24980.650390625
2025-08-20,25050.55078125
2025-08-21,25083.75
2025-08-22,24870.099609375
2025-08-25,24967.75
2025-08-26,24712.05078125
2025-08-28,24500.900390625
2025-08-29,24426.849609375
2025-09-01,24625.05078125
2025-09-02,24579.599609375
2025-09-03,24715.05078125
2025-09-04,24734.30078125
2025-09-05,24741.0
2025-09-08,24773.150390625
2025-09-09,24868.599609375
2025-09-10,24973.099609375
2025-09-11,25005.5
2025-09-12,25114.0
2025-09-15,25069.19921875
2025-09-16,25239.099609375
2025-09-17,25330.25
2025-09-18,25423.599609375
2025-09-19,25327.05078125
2025-09-22,25202.349609375
2025-09-23,25169.5
2025-09-24,25056.900390625
2025-09-25,24890.849609375
2025-09-26,24654.69921875
2025-09-29,24634.900390625
2025-09-30,24611.099609375
2025-10-01,24836.30078125
2025-10-03,24894.25
2025-10-06,25077.650390625
2025-10-07,25108.30078125
2025-10-08,25046.150390625
2025-10-09,25181.80078125
2025-10-10,25285.349609375
2025-10-13,25227.349609375
2025-10-14,25145.5
2025-10-15,25323.55078125
2025-10-16,25585.30078125
2025-10-17,25709.849609375
2025-10-20,25843.150390625
2025-10-21,25868.599609375
2025-10-23,25891.400390625
2025-10-24,25795.150390625
2025-10-27,25966.05078125
2025-10-28,25936.19921875
2025-10-29,26053.900390625
2025-10-30,25877.849609375
2025-10-31,25722.099609375
2025-11-03,25763.349609375
2025-11-04,25597.650390625
2025-11-06,25509.69921875
2025-11-07,25492.30078125
2025-11-10,25574.349609375
2025-11-11,25694.94921875
2025-11-12,25875.80078125
2025-11-13,25879.150390625
2025-11-14,25910.05078125
